model,step,best_val_loss,mode,anchor,prompt,horizon,gt_nll,gt_top1,valid_word_ratio,malformed_word_ratio
Glyph v2 20k,20000,2.3610776904970407,greedy,val_anchor_1,"       *       *

_later._--dr. ",0,5.743218898773193,0,0.0,0.0
Glyph v2 20k,20000,2.3610776904970407,greedy,val_anchor_1,"       *       *

_later._--dr. ",10,5.227217197418213,0,0.0,0.0
Glyph v2 20k,20000,2.3610776904970407,greedy,val_anchor_1,"       *       *

_later._--dr. ",25,0.18085594475269318,1,0.0,0.0
Glyph v2 20k,20000,2.3610776904970407,greedy,val_anchor_1,"       *       *

_later._--dr. ",50,5.062983989715576,0,0.0,0.0
Glyph v2 20k,20000,2.3610776904970407,greedy,val_anchor_1,"       *       *

_later._--dr. ",100,5.551722049713135,0,0.0,0.0
Glyph v2 20k,20000,2.3610776904970407,greedy,val_anchor_1,"       *       *

_later._--dr. ",250,0.19757433235645294,1,0.0,0.0
Glyph v2 20k,20000,2.3610776904970407,greedy,val_anchor_1,"       *       *

_later._--dr. ",500,0.19757433235645294,1,0.0,0.0
Glyph v2 20k,20000,2.3610776904970407,greedy,val_anchor_2,"accept these as
proofs of so wil",0,2.271493911743164,0,0.0,0.0
Glyph v2 20k,20000,2.3610776904970407,greedy,val_anchor_2,"accept these as
proofs of so wil",10,5.757501125335693,0,0.6666666666666666,0.33333333333333337
Glyph v2 20k,20000,2.3610776904970407,greedy,val_anchor_2,"accept these as
proofs of so wil",25,5.905957221984863,0,0.8571428571428571,0.1428571428571429
Glyph v2 20k,20000,2.3610776904970407,greedy,val_anchor_2,"accept these as
proofs of so wil",50,6.461967468261719,0,0.9230769230769231,0.07692307692307687
Glyph v2 20k,20000,2.3610776904970407,greedy,val_anchor_2,"accept these as
proofs of so wil",100,4.704044342041016,0,0.96,0.040000000000000036
Glyph v2 20k,20000,2.3610776904970407,greedy,val_anchor_2,"accept these as
proofs of so wil",250,5.678225994110107,0,0.9841269841269841,0.015873015873015928
Glyph v2 20k,20000,2.3610776904970407,greedy,val_anchor_2,"accept these as
proofs of so wil",500,4.749565124511719,0,0.992,0.008000000000000007
Glyph v2 20k,20000,2.3610776904970407,greedy,val_anchor_3,uty. everyone brightened at the ,0,2.583617925643921,0,0.0,0.0
Glyph v2 20k,20000,2.3610776904970407,greedy,val_anchor_3,uty. everyone brightened at the ,10,5.152578830718994,0,1.0,0.0
Glyph v2 20k,20000,2.3610776904970407,greedy,val_anchor_3,uty. everyone brightened at the ,25,6.784525394439697,0,1.0,0.0
Glyph v2 20k,20000,2.3610776904970407,greedy,val_anchor_3,uty. everyone brightened at the ,50,0.571498453617096,1,1.0,0.0
Glyph v2 20k,20000,2.3610776904970407,greedy,val_anchor_3,uty. everyone brightened at the ,100,3.7076544761657715,0,1.0,0.0
Glyph v2 20k,20000,2.3610776904970407,greedy,val_anchor_3,uty. everyone brightened at the ,250,4.994410037994385,0,1.0,0.0
Glyph v2 20k,20000,2.3610776904970407,greedy,val_anchor_3,uty. everyone brightened at the ,500,2.4366581439971924,0,1.0,0.0
Glyph v2 20k,20000,2.3610776904970407,greedy,val_anchor_4, with your husband. i can’t unde,0,2.317318916320801,0,0.0,0.0
Glyph v2 20k,20000,2.3610776904970407,greedy,val_anchor_4, with your husband. i can’t unde,10,6.086126804351807,0,1.0,0.0
Glyph v2 20k,20000,2.3610776904970407,greedy,val_anchor_4, with your husband. i can’t unde,25,6.023785591125488,0,1.0,0.0
Glyph v2 20k,20000,2.3610776904970407,greedy,val_anchor_4, with your husband. i can’t unde,50,3.494143486022949,0,1.0,0.0
Glyph v2 20k,20000,2.3610776904970407,greedy,val_anchor_4, with your husband. i can’t unde,100,2.295128583908081,0,1.0,0.0
Glyph v2 20k,20000,2.3610776904970407,greedy,val_anchor_4, with your husband. i can’t unde,250,5.9676618576049805,0,1.0,0.0
Glyph v2 20k,20000,2.3610776904970407,greedy,val_anchor_4, with your husband. i can’t unde,500,5.676128387451172,0,1.0,0.0
Glyph v2 20k,20000,2.3610776904970407,greedy,val_anchor_5, from an ensign and became emper,0,3.096998691558838,0,0.0,0.0
Glyph v2 20k,20000,2.3610776904970407,greedy,val_anchor_5, from an ensign and became emper,10,5.535486698150635,0,0.6666666666666666,0.33333333333333337
Glyph v2 20k,20000,2.3610776904970407,greedy,val_anchor_5, from an ensign and became emper,25,6.058841228485107,0,0.8571428571428571,0.1428571428571429
Glyph v2 20k,20000,2.3610776904970407,greedy,val_anchor_5, from an ensign and became emper,50,5.200212001800537,0,0.9230769230769231,0.07692307692307687
Glyph v2 20k,20000,2.3610776904970407,greedy,val_anchor_5, from an ensign and became emper,100,3.4911065101623535,0,0.9615384615384616,0.038461538461538436
Glyph v2 20k,20000,2.3610776904970407,greedy,val_anchor_5, from an ensign and became emper,250,4.395368576049805,0,0.9841269841269841,0.015873015873015928
Glyph v2 20k,20000,2.3610776904970407,greedy,val_anchor_5, from an ensign and became emper,500,6.593456268310547,0,0.9920634920634921,0.007936507936507908
Glyph v2 20k,20000,2.3610776904970407,greedy,val_anchor_6,"sin of the countess’, a man with",0,0.76985764503479,1,0.0,0.0
Glyph v2 20k,20000,2.3610776904970407,greedy,val_anchor_6,"sin of the countess’, a man with",10,5.204830169677734,0,1.0,0.0
Glyph v2 20k,20000,2.3610776904970407,greedy,val_anchor_6,"sin of the countess’, a man with",25,6.049013137817383,0,1.0,0.0
Glyph v2 20k,20000,2.3610776904970407,greedy,val_anchor_6,"sin of the countess’, a man with",50,0.568906307220459,1,1.0,0.0
Glyph v2 20k,20000,2.3610776904970407,greedy,val_anchor_6,"sin of the countess’, a man with",100,3.6432392597198486,0,1.0,0.0
Glyph v2 20k,20000,2.3610776904970407,greedy,val_anchor_6,"sin of the countess’, a man with",250,4.599803924560547,0,1.0,0.0
Glyph v2 20k,20000,2.3610776904970407,greedy,val_anchor_6,"sin of the countess’, a man with",500,6.888420104980469,0,1.0,0.0
Glyph v2 20k,20000,2.3610776904970407,greedy,val_anchor_7,(the family solicitor) “and he s,0,1.7801800966262817,0,0.0,0.0
Glyph v2 20k,20000,2.3610776904970407,greedy,val_anchor_7,(the family solicitor) “and he s,10,4.585371971130371,0,1.0,0.0
Glyph v2 20k,20000,2.3610776904970407,greedy,val_anchor_7,(the family solicitor) “and he s,25,6.301196098327637,0,1.0,0.0
Glyph v2 20k,20000,2.3610776904970407,greedy,val_anchor_7,(the family solicitor) “and he s,50,4.382819175720215,0,1.0,0.0
Glyph v2 20k,20000,2.3610776904970407,greedy,val_anchor_7,(the family solicitor) “and he s,100,3.7936458587646484,0,1.0,0.0
Glyph v2 20k,20000,2.3610776904970407,greedy,val_anchor_7,(the family solicitor) “and he s,250,5.544121742248535,0,1.0,0.0
Glyph v2 20k,20000,2.3610776904970407,greedy,val_anchor_7,(the family solicitor) “and he s,500,2.2168984413146973,0,1.0,0.0
Glyph v2 20k,20000,2.3610776904970407,topk20_t0.7,val_anchor_1,"       *       *

_later._--dr. ",0,5.743218898773193,0,0.0,0.0
Glyph v2 20k,20000,2.3610776904970407,topk20_t0.7,val_anchor_1,"       *       *

_later._--dr. ",10,5.355544090270996,0,0.0,1.0
Glyph v2 20k,20000,2.3610776904970407,topk20_t0.7,val_anchor_1,"       *       *

_later._--dr. ",25,3.431140184402466,0,0.3333333333333333,0.6666666666666667
Glyph v2 20k,20000,2.3610776904970407,topk20_t0.7,val_anchor_1,"       *       *

_later._--dr. ",50,4.8046674728393555,0,0.625,0.375
Glyph v2 20k,20000,2.3610776904970407,topk20_t0.7,val_anchor_1,"       *       *

_later._--dr. ",100,3.8971176147460938,0,0.47368421052631576,0.5263157894736843
Glyph v2 20k,20000,2.3610776904970407,topk20_t0.7,val_anchor_1,"       *       *

_later._--dr. ",250,5.633492469787598,0,0.5789473684210527,0.42105263157894735
Glyph v2 20k,20000,2.3610776904970407,topk20_t0.7,val_anchor_1,"       *       *

_later._--dr. ",500,0.7263733148574829,1,0.5412844036697247,0.45871559633027525
Glyph v2 20k,20000,2.3610776904970407,topk20_t0.7,val_anchor_2,"accept these as
proofs of so wil",0,2.271493911743164,0,0.0,0.0
Glyph v2 20k,20000,2.3610776904970407,topk20_t0.7,val_anchor_2,"accept these as
proofs of so wil",10,2.3824756145477295,0,0.6666666666666666,0.33333333333333337
Glyph v2 20k,20000,2.3610776904970407,topk20_t0.7,val_anchor_2,"accept these as
proofs of so wil",25,3.038893461227417,0,0.5714285714285714,0.4285714285714286
Glyph v2 20k,20000,2.3610776904970407,topk20_t0.7,val_anchor_2,"accept these as
proofs of so wil",50,3.208988666534424,0,0.3333333333333333,0.6666666666666667
Glyph v2 20k,20000,2.3610776904970407,topk20_t0.7,val_anchor_2,"accept these as
proofs of so wil",100,4.6077494621276855,0,0.4583333333333333,0.5416666666666667
Glyph v2 20k,20000,2.3610776904970407,topk20_t0.7,val_anchor_2,"accept these as
proofs of so wil",250,2.659653663635254,0,0.6129032258064516,0.3870967741935484
Glyph v2 20k,20000,2.3610776904970407,topk20_t0.7,val_anchor_2,"accept these as
proofs of so wil",500,0.9130665063858032,1,0.5299145299145299,0.4700854700854701
Glyph v2 20k,20000,2.3610776904970407,topk20_t0.7,val_anchor_3,uty. everyone brightened at the ,0,2.583617925643921,0,0.0,0.0
Glyph v2 20k,20000,2.3610776904970407,topk20_t0.7,val_anchor_3,uty. everyone brightened at the ,10,6.37574577331543,0,0.5,0.5
Glyph v2 20k,20000,2.3610776904970407,topk20_t0.7,val_anchor_3,uty. everyone brightened at the ,25,3.1677019596099854,0,0.6,0.4
Glyph v2 20k,20000,2.3610776904970407,topk20_t0.7,val_anchor_3,uty. everyone brightened at the ,50,6.016539573669434,0,0.6,0.4
Glyph v2 20k,20000,2.3610776904970407,topk20_t0.7,val_anchor_3,uty. everyone brightened at the ,100,2.018671989440918,1,0.47368421052631576,0.5263157894736843
Glyph v2 20k,20000,2.3610776904970407,topk20_t0.7,val_anchor_3,uty. everyone brightened at the ,250,0.7278991341590881,1,0.47058823529411764,0.5294117647058824
Glyph v2 20k,20000,2.3610776904970407,topk20_t0.7,val_anchor_3,uty. everyone brightened at the ,500,2.5526552200317383,0,0.49038461538461536,0.5096153846153846
Glyph v2 20k,20000,2.3610776904970407,topk20_t0.7,val_anchor_4, with your husband. i can’t unde,0,2.317318916320801,0,0.0,0.0
Glyph v2 20k,20000,2.3610776904970407,topk20_t0.7,val_anchor_4, with your husband. i can’t unde,10,2.5420680046081543,0,0.6666666666666666,0.33333333333333337
Glyph v2 20k,20000,2.3610776904970407,topk20_t0.7,val_anchor_4, with your husband. i can’t unde,25,6.030453681945801,0,0.3333333333333333,0.6666666666666667
Glyph v2 20k,20000,2.3610776904970407,topk20_t0.7,val_anchor_4, with your husband. i can’t unde,50,4.92564582824707,0,0.6153846153846154,0.3846153846153846
Glyph v2 20k,20000,2.3610776904970407,topk20_t0.7,val_anchor_4, with your husband. i can’t unde,100,2.316014289855957,0,0.5416666666666666,0.45833333333333337
Glyph v2 20k,20000,2.3610776904970407,topk20_t0.7,val_anchor_4, with your husband. i can’t unde,250,5.945186614990234,0,0.5454545454545454,0.4545454545454546
Glyph v2 20k,20000,2.3610776904970407,topk20_t0.7,val_anchor_4, with your husband. i can’t unde,500,4.359109401702881,0,0.49074074074074076,0.5092592592592593
Glyph v2 20k,20000,2.3610776904970407,topk20_t0.7,val_anchor_5, from an ensign and became emper,0,3.096998691558838,0,0.0,0.0
Glyph v2 20k,20000,2.3610776904970407,topk20_t0.7,val_anchor_5, from an ensign and became emper,10,5.921757221221924,0,0.0,1.0
Glyph v2 20k,20000,2.3610776904970407,topk20_t0.7,val_anchor_5, from an ensign and became emper,25,5.956031799316406,0,0.4,0.6
Glyph v2 20k,20000,2.3610776904970407,topk20_t0.7,val_anchor_5, from an ensign and became emper,50,3.6275691986083984,0,0.6666666666666666,0.33333333333333337
Glyph v2 20k,20000,2.3610776904970407,topk20_t0.7,val_anchor_5, from an ensign and became emper,100,4.576827049255371,0,0.5454545454545454,0.4545454545454546
Glyph v2 20k,20000,2.3610776904970407,topk20_t0.7,val_anchor_5, from an ensign and became emper,250,7.850869655609131,0,0.41509433962264153,0.5849056603773585
Glyph v2 20k,20000,2.3610776904970407,topk20_t0.7,val_anchor_5, from an ensign and became emper,500,6.499788284301758,0,0.44954128440366975,0.5504587155963303
Glyph v2 20k,20000,2.3610776904970407,topk20_t0.7,val_anchor_6,"sin of the countess’, a man with",0,0.76985764503479,1,0.0,0.0
Glyph v2 20k,20000,2.3610776904970407,topk20_t0.7,val_anchor_6,"sin of the countess’, a man with",10,4.037714004516602,0,1.0,0.0
Glyph v2 20k,20000,2.3610776904970407,topk20_t0.7,val_anchor_6,"sin of the countess’, a man with",25,0.9820759296417236,1,0.8333333333333334,0.16666666666666663
Glyph v2 20k,20000,2.3610776904970407,topk20_t0.7,val_anchor_6,"sin of the countess’, a man with",50,6.493959426879883,0,0.75,0.25
Glyph v2 20k,20000,2.3610776904970407,topk20_t0.7,val_anchor_6,"sin of the countess’, a man with",100,4.060281753540039,0,0.5454545454545454,0.4545454545454546
Glyph v2 20k,20000,2.3610776904970407,topk20_t0.7,val_anchor_6,"sin of the countess’, a man with",250,2.7187514305114746,0,0.48148148148148145,0.5185185185185186
Glyph v2 20k,20000,2.3610776904970407,topk20_t0.7,val_anchor_6,"sin of the countess’, a man with",500,4.1418585777282715,0,0.48623853211009177,0.5137614678899083
Glyph v2 20k,20000,2.3610776904970407,topk20_t0.7,val_anchor_7,(the family solicitor) “and he s,0,1.7801800966262817,0,0.0,0.0
Glyph v2 20k,20000,2.3610776904970407,topk20_t0.7,val_anchor_7,(the family solicitor) “and he s,10,6.103404521942139,0,0.5,0.5
Glyph v2 20k,20000,2.3610776904970407,topk20_t0.7,val_anchor_7,(the family solicitor) “and he s,25,5.94202995300293,0,0.5,0.5
Glyph v2 20k,20000,2.3610776904970407,topk20_t0.7,val_anchor_7,(the family solicitor) “and he s,50,6.274907112121582,0,0.5,0.5
Glyph v2 20k,20000,2.3610776904970407,topk20_t0.7,val_anchor_7,(the family solicitor) “and he s,100,3.0553336143493652,0,0.45454545454545453,0.5454545454545454
Glyph v2 20k,20000,2.3610776904970407,topk20_t0.7,val_anchor_7,(the family solicitor) “and he s,250,3.3629143238067627,0,0.5357142857142857,0.4642857142857143
Glyph v2 20k,20000,2.3610776904970407,topk20_t0.7,val_anchor_7,(the family solicitor) “and he s,500,0.4366782605648041,1,0.4954128440366973,0.5045871559633027
Glyph v2 20k,20000,2.3610776904970407,topk20_t0.9,val_anchor_1,"       *       *

_later._--dr. ",0,5.743218898773193,0,0.0,0.0
Glyph v2 20k,20000,2.3610776904970407,topk20_t0.9,val_anchor_1,"       *       *

_later._--dr. ",10,5.793128490447998,0,0.0,1.0
Glyph v2 20k,20000,2.3610776904970407,topk20_t0.9,val_anchor_1,"       *       *

_later._--dr. ",25,1.476336121559143,1,0.5,0.5
Glyph v2 20k,20000,2.3610776904970407,topk20_t0.9,val_anchor_1,"       *       *

_later._--dr. ",50,5.239072799682617,0,0.5,0.5
Glyph v2 20k,20000,2.3610776904970407,topk20_t0.9,val_anchor_1,"       *       *

_later._--dr. ",100,2.368598699569702,0,0.4,0.6
Glyph v2 20k,20000,2.3610776904970407,topk20_t0.9,val_anchor_1,"       *       *

_later._--dr. ",250,6.289252758026123,0,0.45652173913043476,0.5434782608695652
Glyph v2 20k,20000,2.3610776904970407,topk20_t0.9,val_anchor_1,"       *       *

_later._--dr. ",500,4.545662879943848,0,0.42391304347826086,0.5760869565217391
Glyph v2 20k,20000,2.3610776904970407,topk20_t0.9,val_anchor_2,"accept these as
proofs of so wil",0,2.271493911743164,0,0.0,0.0
Glyph v2 20k,20000,2.3610776904970407,topk20_t0.9,val_anchor_2,"accept these as
proofs of so wil",10,5.779881477355957,0,0.0,1.0
Glyph v2 20k,20000,2.3610776904970407,topk20_t0.9,val_anchor_2,"accept these as
proofs of so wil",25,7.100003242492676,0,0.16666666666666666,0.8333333333333334
Glyph v2 20k,20000,2.3610776904970407,topk20_t0.9,val_anchor_2,"accept these as
proofs of so wil",50,7.912217617034912,0,0.1,0.9
Glyph v2 20k,20000,2.3610776904970407,topk20_t0.9,val_anchor_2,"accept these as
proofs of so wil",100,1.207000970840454,1,0.2222222222222222,0.7777777777777778
Glyph v2 20k,20000,2.3610776904970407,topk20_t0.9,val_anchor_2,"accept these as
proofs of so wil",250,3.0742135047912598,0,0.3333333333333333,0.6666666666666667
Glyph v2 20k,20000,2.3610776904970407,topk20_t0.9,val_anchor_2,"accept these as
proofs of so wil",500,4.409598350524902,0,0.3673469387755102,0.6326530612244898
Glyph v2 20k,20000,2.3610776904970407,topk20_t0.9,val_anchor_3,uty. everyone brightened at the ,0,2.583617925643921,0,0.0,0.0
Glyph v2 20k,20000,2.3610776904970407,topk20_t0.9,val_anchor_3,uty. everyone brightened at the ,10,5.998582363128662,0,0.0,1.0
Glyph v2 20k,20000,2.3610776904970407,topk20_t0.9,val_anchor_3,uty. everyone brightened at the ,25,2.503467559814453,0,0.5,0.5
Glyph v2 20k,20000,2.3610776904970407,topk20_t0.9,val_anchor_3,uty. everyone brightened at the ,50,5.565946578979492,0,0.36363636363636365,0.6363636363636364
Glyph v2 20k,20000,2.3610776904970407,topk20_t0.9,val_anchor_3,uty. everyone brightened at the ,100,1.5637309551239014,1,0.45,0.55
Glyph v2 20k,20000,2.3610776904970407,topk20_t0.9,val_anchor_3,uty. everyone brightened at the ,250,1.6971482038497925,0,0.42857142857142855,0.5714285714285714
Glyph v2 20k,20000,2.3610776904970407,topk20_t0.9,val_anchor_3,uty. everyone brightened at the ,500,2.805708885192871,0,0.39361702127659576,0.6063829787234043
Glyph v2 20k,20000,2.3610776904970407,topk20_t0.9,val_anchor_4, with your husband. i can’t unde,0,2.317318916320801,0,0.0,0.0
Glyph v2 20k,20000,2.3610776904970407,topk20_t0.9,val_anchor_4, with your husband. i can’t unde,10,2.5420680046081543,0,0.6666666666666666,0.33333333333333337
Glyph v2 20k,20000,2.3610776904970407,topk20_t0.9,val_anchor_4, with your husband. i can’t unde,25,5.339711666107178,0,0.25,0.75
Glyph v2 20k,20000,2.3610776904970407,topk20_t0.9,val_anchor_4, with your husband. i can’t unde,50,3.793915271759033,0,0.2222222222222222,0.7777777777777778
Glyph v2 20k,20000,2.3610776904970407,topk20_t0.9,val_anchor_4, with your husband. i can’t unde,100,3.9257540702819824,0,0.42105263157894735,0.5789473684210527
Glyph v2 20k,20000,2.3610776904970407,topk20_t0.9,val_anchor_4, with your husband. i can’t unde,250,4.565075874328613,0,0.40816326530612246,0.5918367346938775
Glyph v2 20k,20000,2.3610776904970407,topk20_t0.9,val_anchor_4, with your husband. i can’t unde,500,5.38572883605957,0,0.2978723404255319,0.7021276595744681
Glyph v2 20k,20000,2.3610776904970407,topk20_t0.9,val_anchor_5, from an ensign and became emper,0,3.096998691558838,0,0.0,0.0
Glyph v2 20k,20000,2.3610776904970407,topk20_t0.9,val_anchor_5, from an ensign and became emper,10,6.121636867523193,0,0.0,1.0
Glyph v2 20k,20000,2.3610776904970407,topk20_t0.9,val_anchor_5, from an ensign and became emper,25,6.242046356201172,0,0.25,0.75
Glyph v2 20k,20000,2.3610776904970407,topk20_t0.9,val_anchor_5, from an ensign and became emper,50,3.7210307121276855,0,0.5,0.5
Glyph v2 20k,20000,2.3610776904970407,topk20_t0.9,val_anchor_5, from an ensign and became emper,100,4.286272048950195,0,0.42105263157894735,0.5789473684210527
Glyph v2 20k,20000,2.3610776904970407,topk20_t0.9,val_anchor_5, from an ensign and became emper,250,4.350083827972412,0,0.3695652173913043,0.6304347826086957
Glyph v2 20k,20000,2.3610776904970407,topk20_t0.9,val_anchor_5, from an ensign and became emper,500,6.069443225860596,0,0.358695652173913,0.6413043478260869
Glyph v2 20k,20000,2.3610776904970407,topk20_t0.9,val_anchor_6,"sin of the countess’, a man with",0,0.76985764503479,1,0.0,0.0
Glyph v2 20k,20000,2.3610776904970407,topk20_t0.9,val_anchor_6,"sin of the countess’, a man with",10,4.037714004516602,0,1.0,0.0
Glyph v2 20k,20000,2.3610776904970407,topk20_t0.9,val_anchor_6,"sin of the countess’, a man with",25,6.52663516998291,0,0.6666666666666666,0.33333333333333337
Glyph v2 20k,20000,2.3610776904970407,topk20_t0.9,val_anchor_6,"sin of the countess’, a man with",50,6.4013590812683105,0,0.5,0.5
Glyph v2 20k,20000,2.3610776904970407,topk20_t0.9,val_anchor_6,"sin of the countess’, a man with",100,1.2838380336761475,1,0.5238095238095238,0.47619047619047616
Glyph v2 20k,20000,2.3610776904970407,topk20_t0.9,val_anchor_6,"sin of the countess’, a man with",250,2.5840420722961426,0,0.36538461538461536,0.6346153846153846
Glyph v2 20k,20000,2.3610776904970407,topk20_t0.9,val_anchor_6,"sin of the countess’, a man with",500,5.135610103607178,0,0.3333333333333333,0.6666666666666667
Glyph v2 20k,20000,2.3610776904970407,topk20_t0.9,val_anchor_7,(the family solicitor) “and he s,0,1.7801800966262817,0,0.0,0.0
Glyph v2 20k,20000,2.3610776904970407,topk20_t0.9,val_anchor_7,(the family solicitor) “and he s,10,5.398224353790283,0,0.6666666666666666,0.33333333333333337
Glyph v2 20k,20000,2.3610776904970407,topk20_t0.9,val_anchor_7,(the family solicitor) “and he s,25,5.851309776306152,0,0.6666666666666666,0.33333333333333337
Glyph v2 20k,20000,2.3610776904970407,topk20_t0.9,val_anchor_7,(the family solicitor) “and he s,50,1.8890479803085327,1,0.5,0.5
Glyph v2 20k,20000,2.3610776904970407,topk20_t0.9,val_anchor_7,(the family solicitor) “and he s,100,5.930636405944824,0,0.3888888888888889,0.6111111111111112
Glyph v2 20k,20000,2.3610776904970407,topk20_t0.9,val_anchor_7,(the family solicitor) “and he s,250,3.7416110038757324,0,0.5098039215686274,0.4901960784313726
Glyph v2 20k,20000,2.3610776904970407,topk20_t0.9,val_anchor_7,(the family solicitor) “and he s,500,5.367161750793457,0,0.4148936170212766,0.5851063829787234
Glyph v2 20k,20000,2.3610776904970407,topk20_t1.0,val_anchor_1,"       *       *

_later._--dr. ",0,5.743218898773193,0,0.0,0.0
Glyph v2 20k,20000,2.3610776904970407,topk20_t1.0,val_anchor_1,"       *       *

_later._--dr. ",10,5.793128490447998,0,0.0,1.0
Glyph v2 20k,20000,2.3610776904970407,topk20_t1.0,val_anchor_1,"       *       *

_later._--dr. ",25,1.476336121559143,1,0.5,0.5
Glyph v2 20k,20000,2.3610776904970407,topk20_t1.0,val_anchor_1,"       *       *

_later._--dr. ",50,3.6072323322296143,0,0.4444444444444444,0.5555555555555556
Glyph v2 20k,20000,2.3610776904970407,topk20_t1.0,val_anchor_1,"       *       *

_later._--dr. ",100,2.3405935764312744,0,0.5,0.5
Glyph v2 20k,20000,2.3610776904970407,topk20_t1.0,val_anchor_1,"       *       *

_later._--dr. ",250,3.0287084579467773,0,0.30434782608695654,0.6956521739130435
Glyph v2 20k,20000,2.3610776904970407,topk20_t1.0,val_anchor_1,"       *       *

_later._--dr. ",500,5.14774751663208,0,0.32978723404255317,0.6702127659574468
Glyph v2 20k,20000,2.3610776904970407,topk20_t1.0,val_anchor_2,"accept these as
proofs of so wil",0,2.271493911743164,0,0.0,0.0
Glyph v2 20k,20000,2.3610776904970407,topk20_t1.0,val_anchor_2,"accept these as
proofs of so wil",10,4.758066177368164,0,0.0,1.0
Glyph v2 20k,20000,2.3610776904970407,topk20_t1.0,val_anchor_2,"accept these as
proofs of so wil",25,7.083052635192871,0,0.4,0.6
Glyph v2 20k,20000,2.3610776904970407,topk20_t1.0,val_anchor_2,"accept these as
proofs of so wil",50,6.573012828826904,0,0.6363636363636364,0.36363636363636365
Glyph v2 20k,20000,2.3610776904970407,topk20_t1.0,val_anchor_2,"accept these as
proofs of so wil",100,1.3958266973495483,1,0.5,0.5
Glyph v2 20k,20000,2.3610776904970407,topk20_t1.0,val_anchor_2,"accept these as
proofs of so wil",250,3.5702805519104004,0,0.4375,0.5625
Glyph v2 20k,20000,2.3610776904970407,topk20_t1.0,val_anchor_2,"accept these as
proofs of so wil",500,4.822016716003418,0,0.3684210526315789,0.631578947368421
Glyph v2 20k,20000,2.3610776904970407,topk20_t1.0,val_anchor_3,uty. everyone brightened at the ,0,2.583617925643921,0,0.0,0.0
Glyph v2 20k,20000,2.3610776904970407,topk20_t1.0,val_anchor_3,uty. everyone brightened at the ,10,5.998582363128662,0,0.0,1.0
Glyph v2 20k,20000,2.3610776904970407,topk20_t1.0,val_anchor_3,uty. everyone brightened at the ,25,2.799198627471924,0,0.0,1.0
Glyph v2 20k,20000,2.3610776904970407,topk20_t1.0,val_anchor_3,uty. everyone brightened at the ,50,3.043151617050171,0,0.2222222222222222,0.7777777777777778
Glyph v2 20k,20000,2.3610776904970407,topk20_t1.0,val_anchor_3,uty. everyone brightened at the ,100,1.6367425918579102,1,0.2222222222222222,0.7777777777777778
Glyph v2 20k,20000,2.3610776904970407,topk20_t1.0,val_anchor_3,uty. everyone brightened at the ,250,1.4497301578521729,1,0.2619047619047619,0.7380952380952381
Glyph v2 20k,20000,2.3610776904970407,topk20_t1.0,val_anchor_3,uty. everyone brightened at the ,500,2.877894401550293,0,0.23529411764705882,0.7647058823529411
Glyph v2 20k,20000,2.3610776904970407,topk20_t1.0,val_anchor_4, with your husband. i can’t unde,0,2.317318916320801,0,0.0,0.0
Glyph v2 20k,20000,2.3610776904970407,topk20_t1.0,val_anchor_4, with your husband. i can’t unde,10,2.5420680046081543,0,0.6666666666666666,0.33333333333333337
Glyph v2 20k,20000,2.3610776904970407,topk20_t1.0,val_anchor_4, with your husband. i can’t unde,25,2.821444034576416,0,0.2,0.8
Glyph v2 20k,20000,2.3610776904970407,topk20_t1.0,val_anchor_4, with your husband. i can’t unde,50,1.6761853694915771,0,0.6,0.4
Glyph v2 20k,20000,2.3610776904970407,topk20_t1.0,val_anchor_4, with your husband. i can’t unde,100,2.200303077697754,0,0.55,0.44999999999999996
Glyph v2 20k,20000,2.3610776904970407,topk20_t1.0,val_anchor_4, with your husband. i can’t unde,250,6.892831802368164,0,0.44680851063829785,0.5531914893617021
Glyph v2 20k,20000,2.3610776904970407,topk20_t1.0,val_anchor_4, with your husband. i can’t unde,500,5.181865692138672,0,0.37362637362637363,0.6263736263736264
Glyph v2 20k,20000,2.3610776904970407,topk20_t1.0,val_anchor_5, from an ensign and became emper,0,3.096998691558838,0,0.0,0.0
Glyph v2 20k,20000,2.3610776904970407,topk20_t1.0,val_anchor_5, from an ensign and became emper,10,5.587409496307373,0,0.0,1.0
Glyph v2 20k,20000,2.3610776904970407,topk20_t1.0,val_anchor_5, from an ensign and became emper,25,6.0273919105529785,0,0.2,0.8
Glyph v2 20k,20000,2.3610776904970407,topk20_t1.0,val_anchor_5, from an ensign and became emper,50,3.696706533432007,0,0.45454545454545453,0.5454545454545454
Glyph v2 20k,20000,2.3610776904970407,topk20_t1.0,val_anchor_5, from an ensign and became emper,100,3.328178882598877,0,0.2631578947368421,0.736842105263158
Glyph v2 20k,20000,2.3610776904970407,topk20_t1.0,val_anchor_5, from an ensign and became emper,250,6.102734565734863,0,0.26666666666666666,0.7333333333333334
Glyph v2 20k,20000,2.3610776904970407,topk20_t1.0,val_anchor_5, from an ensign and became emper,500,2.349137306213379,0,0.25274725274725274,0.7472527472527473
Glyph v2 20k,20000,2.3610776904970407,topk20_t1.0,val_anchor_6,"sin of the countess’, a man with",0,0.76985764503479,1,0.0,0.0
Glyph v2 20k,20000,2.3610776904970407,topk20_t1.0,val_anchor_6,"sin of the countess’, a man with",10,4.037714004516602,0,1.0,0.0
Glyph v2 20k,20000,2.3610776904970407,topk20_t1.0,val_anchor_6,"sin of the countess’, a man with",25,0.4235544800758362,1,0.6,0.4
Glyph v2 20k,20000,2.3610776904970407,topk20_t1.0,val_anchor_6,"sin of the countess’, a man with",50,5.654892444610596,0,0.8181818181818182,0.18181818181818177
Glyph v2 20k,20000,2.3610776904970407,topk20_t1.0,val_anchor_6,"sin of the countess’, a man with",100,2.9968385696411133,0,0.5625,0.4375
Glyph v2 20k,20000,2.3610776904970407,topk20_t1.0,val_anchor_6,"sin of the countess’, a man with",250,2.652064800262451,0,0.4444444444444444,0.5555555555555556
Glyph v2 20k,20000,2.3610776904970407,topk20_t1.0,val_anchor_6,"sin of the countess’, a man with",500,6.6714606285095215,0,0.4,0.6
Glyph v2 20k,20000,2.3610776904970407,topk20_t1.0,val_anchor_7,(the family solicitor) “and he s,0,1.7801800966262817,0,0.0,0.0
Glyph v2 20k,20000,2.3610776904970407,topk20_t1.0,val_anchor_7,(the family solicitor) “and he s,10,5.398224353790283,0,0.6666666666666666,0.33333333333333337
Glyph v2 20k,20000,2.3610776904970407,topk20_t1.0,val_anchor_7,(the family solicitor) “and he s,25,2.9258804321289062,0,0.3333333333333333,0.6666666666666667
Glyph v2 20k,20000,2.3610776904970407,topk20_t1.0,val_anchor_7,(the family solicitor) “and he s,50,2.165994882583618,0,0.36363636363636365,0.6363636363636364
Glyph v2 20k,20000,2.3610776904970407,topk20_t1.0,val_anchor_7,(the family solicitor) “and he s,100,4.584049224853516,0,0.38095238095238093,0.6190476190476191
Glyph v2 20k,20000,2.3610776904970407,topk20_t1.0,val_anchor_7,(the family solicitor) “and he s,250,3.571634292602539,0,0.3333333333333333,0.6666666666666667
Glyph v2 20k,20000,2.3610776904970407,topk20_t1.0,val_anchor_7,(the family solicitor) “and he s,500,5.742185115814209,0,0.38613861386138615,0.6138613861386139
Glyph v2 50k,50000,2.2257748879492283,greedy,val_anchor_1,"       *       *

_later._--dr. ",0,5.337964057922363,0,0.0,0.0
Glyph v2 50k,50000,2.2257748879492283,greedy,val_anchor_1,"       *       *

_later._--dr. ",10,5.402706146240234,0,0.0,0.0
Glyph v2 50k,50000,2.2257748879492283,greedy,val_anchor_1,"       *       *

_later._--dr. ",25,0.12761031091213226,1,0.0,0.0
Glyph v2 50k,50000,2.2257748879492283,greedy,val_anchor_1,"       *       *

_later._--dr. ",50,5.935398578643799,0,0.0,0.0
Glyph v2 50k,50000,2.2257748879492283,greedy,val_anchor_1,"       *       *

_later._--dr. ",100,6.333005428314209,0,0.0,0.0
Glyph v2 50k,50000,2.2257748879492283,greedy,val_anchor_1,"       *       *

_later._--dr. ",250,0.12475503981113434,1,0.0,0.0
Glyph v2 50k,50000,2.2257748879492283,greedy,val_anchor_1,"       *       *

_later._--dr. ",500,0.12475503981113434,1,0.0,0.0
Glyph v2 50k,50000,2.2257748879492283,greedy,val_anchor_2,"accept these as
proofs of so wil",0,1.9457178115844727,0,0.0,0.0
Glyph v2 50k,50000,2.2257748879492283,greedy,val_anchor_2,"accept these as
proofs of so wil",10,6.385164260864258,0,1.0,0.0
Glyph v2 50k,50000,2.2257748879492283,greedy,val_anchor_2,"accept these as
proofs of so wil",25,4.64138650894165,0,1.0,0.0
Glyph v2 50k,50000,2.2257748879492283,greedy,val_anchor_2,"accept these as
proofs of so wil",50,8.332388877868652,0,1.0,0.0
Glyph v2 50k,50000,2.2257748879492283,greedy,val_anchor_2,"accept these as
proofs of so wil",100,6.435457706451416,0,1.0,0.0
Glyph v2 50k,50000,2.2257748879492283,greedy,val_anchor_2,"accept these as
proofs of so wil",250,3.5963737964630127,0,1.0,0.0
Glyph v2 50k,50000,2.2257748879492283,greedy,val_anchor_2,"accept these as
proofs of so wil",500,6.369962692260742,0,1.0,0.0
Glyph v2 50k,50000,2.2257748879492283,greedy,val_anchor_3,uty. everyone brightened at the ,0,2.3724799156188965,0,0.0,0.0
Glyph v2 50k,50000,2.2257748879492283,greedy,val_anchor_3,uty. everyone brightened at the ,10,6.468952178955078,0,1.0,0.0
Glyph v2 50k,50000,2.2257748879492283,greedy,val_anchor_3,uty. everyone brightened at the ,25,7.142816543579102,0,1.0,0.0
Glyph v2 50k,50000,2.2257748879492283,greedy,val_anchor_3,uty. everyone brightened at the ,50,0.48953914642333984,1,1.0,0.0
Glyph v2 50k,50000,2.2257748879492283,greedy,val_anchor_3,uty. everyone brightened at the ,100,3.9814820289611816,0,1.0,0.0
Glyph v2 50k,50000,2.2257748879492283,greedy,val_anchor_3,uty. everyone brightened at the ,250,6.369962692260742,0,1.0,0.0
Glyph v2 50k,50000,2.2257748879492283,greedy,val_anchor_3,uty. everyone brightened at the ,500,2.648906946182251,0,1.0,0.0
Glyph v2 50k,50000,2.2257748879492283,greedy,val_anchor_4, with your husband. i can’t unde,0,1.4899128675460815,1,0.0,0.0
Glyph v2 50k,50000,2.2257748879492283,greedy,val_anchor_4, with your husband. i can’t unde,10,6.698290824890137,0,1.0,0.0
Glyph v2 50k,50000,2.2257748879492283,greedy,val_anchor_4, with your husband. i can’t unde,25,0.5315297842025757,1,1.0,0.0
Glyph v2 50k,50000,2.2257748879492283,greedy,val_anchor_4, with your husband. i can’t unde,50,3.6415205001831055,0,1.0,0.0
Glyph v2 50k,50000,2.2257748879492283,greedy,val_anchor_4, with your husband. i can’t unde,100,4.698653221130371,0,1.0,0.0
Glyph v2 50k,50000,2.2257748879492283,greedy,val_anchor_4, with your husband. i can’t unde,250,3.1456305980682373,0,1.0,0.0
Glyph v2 50k,50000,2.2257748879492283,greedy,val_anchor_4, with your husband. i can’t unde,500,5.218759059906006,0,1.0,0.0
Glyph v2 50k,50000,2.2257748879492283,greedy,val_anchor_5, from an ensign and became emper,0,3.408689260482788,0,0.0,0.0
Glyph v2 50k,50000,2.2257748879492283,greedy,val_anchor_5, from an ensign and became emper,10,5.4010114669799805,0,1.0,0.0
Glyph v2 50k,50000,2.2257748879492283,greedy,val_anchor_5, from an ensign and became emper,25,6.602056503295898,0,1.0,0.0
Glyph v2 50k,50000,2.2257748879492283,greedy,val_anchor_5, from an ensign and became emper,50,3.5230627059936523,0,1.0,0.0
Glyph v2 50k,50000,2.2257748879492283,greedy,val_anchor_5, from an ensign and became emper,100,4.84138298034668,0,1.0,0.0
Glyph v2 50k,50000,2.2257748879492283,greedy,val_anchor_5, from an ensign and became emper,250,8.137495994567871,0,1.0,0.0
Glyph v2 50k,50000,2.2257748879492283,greedy,val_anchor_5, from an ensign and became emper,500,6.684171676635742,0,1.0,0.0
Glyph v2 50k,50000,2.2257748879492283,greedy,val_anchor_6,"sin of the countess’, a man with",0,0.4530009627342224,1,0.0,0.0
Glyph v2 50k,50000,2.2257748879492283,greedy,val_anchor_6,"sin of the countess’, a man with",10,5.467588901519775,0,1.0,0.0
Glyph v2 50k,50000,2.2257748879492283,greedy,val_anchor_6,"sin of the countess’, a man with",25,6.571608543395996,0,1.0,0.0
Glyph v2 50k,50000,2.2257748879492283,greedy,val_anchor_6,"sin of the countess’, a man with",50,0.6557646989822388,1,1.0,0.0
Glyph v2 50k,50000,2.2257748879492283,greedy,val_anchor_6,"sin of the countess’, a man with",100,4.187370300292969,0,1.0,0.0
Glyph v2 50k,50000,2.2257748879492283,greedy,val_anchor_6,"sin of the countess’, a man with",250,5.781157970428467,0,1.0,0.0
Glyph v2 50k,50000,2.2257748879492283,greedy,val_anchor_6,"sin of the countess’, a man with",500,6.818014144897461,0,1.0,0.0
Glyph v2 50k,50000,2.2257748879492283,greedy,val_anchor_7,(the family solicitor) “and he s,0,1.8146041631698608,0,0.0,0.0
Glyph v2 50k,50000,2.2257748879492283,greedy,val_anchor_7,(the family solicitor) “and he s,10,7.389573097229004,0,1.0,0.0
Glyph v2 50k,50000,2.2257748879492283,greedy,val_anchor_7,(the family solicitor) “and he s,25,7.1565961837768555,0,1.0,0.0
Glyph v2 50k,50000,2.2257748879492283,greedy,val_anchor_7,(the family solicitor) “and he s,50,6.303767681121826,0,1.0,0.0
Glyph v2 50k,50000,2.2257748879492283,greedy,val_anchor_7,(the family solicitor) “and he s,100,3.7983884811401367,0,1.0,0.0
Glyph v2 50k,50000,2.2257748879492283,greedy,val_anchor_7,(the family solicitor) “and he s,250,7.542532444000244,0,1.0,0.0
Glyph v2 50k,50000,2.2257748879492283,greedy,val_anchor_7,(the family solicitor) “and he s,500,5.8717145919799805,0,1.0,0.0
Glyph v2 50k,50000,2.2257748879492283,topk20_t0.7,val_anchor_1,"       *       *

_later._--dr. ",0,5.337964057922363,0,0.0,0.0
Glyph v2 50k,50000,2.2257748879492283,topk20_t0.7,val_anchor_1,"       *       *

_later._--dr. ",10,7.973711967468262,0,1.0,0.0
Glyph v2 50k,50000,2.2257748879492283,topk20_t0.7,val_anchor_1,"       *       *

_later._--dr. ",25,5.358914852142334,0,0.6666666666666666,0.33333333333333337
Glyph v2 50k,50000,2.2257748879492283,topk20_t0.7,val_anchor_1,"       *       *

_later._--dr. ",50,5.805120944976807,0,0.7142857142857143,0.2857142857142857
Glyph v2 50k,50000,2.2257748879492283,topk20_t0.7,val_anchor_1,"       *       *

_later._--dr. ",100,6.3262410163879395,0,0.7142857142857143,0.2857142857142857
Glyph v2 50k,50000,2.2257748879492283,topk20_t0.7,val_anchor_1,"       *       *

_later._--dr. ",250,0.12820790708065033,1,0.7142857142857143,0.2857142857142857
Glyph v2 50k,50000,2.2257748879492283,topk20_t0.7,val_anchor_1,"       *       *

_later._--dr. ",500,0.12151066958904266,1,0.5555555555555556,0.4444444444444444
Glyph v2 50k,50000,2.2257748879492283,topk20_t0.7,val_anchor_2,"accept these as
proofs of so wil",0,1.9457178115844727,0,0.0,0.0
Glyph v2 50k,50000,2.2257748879492283,topk20_t0.7,val_anchor_2,"accept these as
proofs of so wil",10,0.32573068141937256,1,1.0,0.0
Glyph v2 50k,50000,2.2257748879492283,topk20_t0.7,val_anchor_2,"accept these as
proofs of so wil",25,5.753566741943359,0,0.6,0.4
Glyph v2 50k,50000,2.2257748879492283,topk20_t0.7,val_anchor_2,"accept these as
proofs of so wil",50,7.780803203582764,0,0.7272727272727273,0.2727272727272727
Glyph v2 50k,50000,2.2257748879492283,topk20_t0.7,val_anchor_2,"accept these as
proofs of so wil",100,5.835760116577148,0,0.6,0.4
Glyph v2 50k,50000,2.2257748879492283,topk20_t0.7,val_anchor_2,"accept these as
proofs of so wil",250,4.946463584899902,0,0.6037735849056604,0.39622641509433965
Glyph v2 50k,50000,2.2257748879492283,topk20_t0.7,val_anchor_2,"accept these as
proofs of so wil",500,1.709254503250122,0,0.5700934579439252,0.4299065420560748
Glyph v2 50k,50000,2.2257748879492283,topk20_t0.7,val_anchor_3,uty. everyone brightened at the ,0,2.3724799156188965,0,0.0,0.0
Glyph v2 50k,50000,2.2257748879492283,topk20_t0.7,val_anchor_3,uty. everyone brightened at the ,10,2.961681365966797,0,1.0,0.0
Glyph v2 50k,50000,2.2257748879492283,topk20_t0.7,val_anchor_3,uty. everyone brightened at the ,25,2.2970638275146484,0,0.8571428571428571,0.1428571428571429
Glyph v2 50k,50000,2.2257748879492283,topk20_t0.7,val_anchor_3,uty. everyone brightened at the ,50,5.897355079650879,0,0.8461538461538461,0.15384615384615385
Glyph v2 50k,50000,2.2257748879492283,topk20_t0.7,val_anchor_3,uty. everyone brightened at the ,100,4.167158126831055,0,0.782608695652174,0.21739130434782605
Glyph v2 50k,50000,2.2257748879492283,topk20_t0.7,val_anchor_3,uty. everyone brightened at the ,250,6.133452892303467,0,0.6226415094339622,0.37735849056603776
Glyph v2 50k,50000,2.2257748879492283,topk20_t0.7,val_anchor_3,uty. everyone brightened at the ,500,2.773937702178955,0,0.6363636363636364,0.36363636363636365
Glyph v2 50k,50000,2.2257748879492283,topk20_t0.7,val_anchor_4, with your husband. i can’t unde,0,1.4899128675460815,1,0.0,0.0
Glyph v2 50k,50000,2.2257748879492283,topk20_t0.7,val_anchor_4, with your husband. i can’t unde,10,6.6299896240234375,0,0.3333333333333333,0.6666666666666667
Glyph v2 50k,50000,2.2257748879492283,topk20_t0.7,val_anchor_4, with your husband. i can’t unde,25,6.567124366760254,0,0.5714285714285714,0.4285714285714286
Glyph v2 50k,50000,2.2257748879492283,topk20_t0.7,val_anchor_4, with your husband. i can’t unde,50,1.4227665662765503,1,0.7142857142857143,0.2857142857142857
Glyph v2 50k,50000,2.2257748879492283,topk20_t0.7,val_anchor_4, with your husband. i can’t unde,100,4.540185928344727,0,0.6,0.4
Glyph v2 50k,50000,2.2257748879492283,topk20_t0.7,val_anchor_4, with your husband. i can’t unde,250,5.820076942443848,0,0.5689655172413793,0.43103448275862066
Glyph v2 50k,50000,2.2257748879492283,topk20_t0.7,val_anchor_4, with your husband. i can’t unde,500,4.924200534820557,0,0.6071428571428571,0.3928571428571429
Glyph v2 50k,50000,2.2257748879492283,topk20_t0.7,val_anchor_5, from an ensign and became emper,0,3.408689260482788,0,0.0,0.0
Glyph v2 50k,50000,2.2257748879492283,topk20_t0.7,val_anchor_5, from an ensign and became emper,10,3.664141893386841,0,1.0,0.0
Glyph v2 50k,50000,2.2257748879492283,topk20_t0.7,val_anchor_5, from an ensign and became emper,25,1.0988621711730957,1,0.6666666666666666,0.33333333333333337
Glyph v2 50k,50000,2.2257748879492283,topk20_t0.7,val_anchor_5, from an ensign and became emper,50,4.019895076751709,0,0.75,0.25
Glyph v2 50k,50000,2.2257748879492283,topk20_t0.7,val_anchor_5, from an ensign and became emper,100,3.5468862056732178,0,0.84,0.16000000000000003
Glyph v2 50k,50000,2.2257748879492283,topk20_t0.7,val_anchor_5, from an ensign and became emper,250,6.640364646911621,0,0.7833333333333333,0.21666666666666667
Glyph v2 50k,50000,2.2257748879492283,topk20_t0.7,val_anchor_5, from an ensign and became emper,500,3.545757293701172,0,0.7033898305084746,0.2966101694915254
Glyph v2 50k,50000,2.2257748879492283,topk20_t0.7,val_anchor_6,"sin of the countess’, a man with",0,0.4530009627342224,1,0.0,0.0
Glyph v2 50k,50000,2.2257748879492283,topk20_t0.7,val_anchor_6,"sin of the countess’, a man with",10,2.941579580307007,0,1.0,0.0
Glyph v2 50k,50000,2.2257748879492283,topk20_t0.7,val_anchor_6,"sin of the countess’, a man with",25,6.508899688720703,0,0.8333333333333334,0.16666666666666663
Glyph v2 50k,50000,2.2257748879492283,topk20_t0.7,val_anchor_6,"sin of the countess’, a man with",50,2.718113899230957,0,0.6363636363636364,0.36363636363636365
Glyph v2 50k,50000,2.2257748879492283,topk20_t0.7,val_anchor_6,"sin of the countess’, a man with",100,1.9294016361236572,0,0.6521739130434783,0.34782608695652173
Glyph v2 50k,50000,2.2257748879492283,topk20_t0.7,val_anchor_6,"sin of the countess’, a man with",250,7.298412799835205,0,0.5789473684210527,0.42105263157894735
Glyph v2 50k,50000,2.2257748879492283,topk20_t0.7,val_anchor_6,"sin of the countess’, a man with",500,4.78825569152832,0,0.5585585585585585,0.4414414414414415
Glyph v2 50k,50000,2.2257748879492283,topk20_t0.7,val_anchor_7,(the family solicitor) “and he s,0,1.8146041631698608,0,0.0,0.0
Glyph v2 50k,50000,2.2257748879492283,topk20_t0.7,val_anchor_7,(the family solicitor) “and he s,10,3.1080894470214844,0,0.0,1.0
Glyph v2 50k,50000,2.2257748879492283,topk20_t0.7,val_anchor_7,(the family solicitor) “and he s,25,6.6294074058532715,0,0.6666666666666666,0.33333333333333337
Glyph v2 50k,50000,2.2257748879492283,topk20_t0.7,val_anchor_7,(the family solicitor) “and he s,50,1.2354578971862793,1,0.5833333333333334,0.41666666666666663
Glyph v2 50k,50000,2.2257748879492283,topk20_t0.7,val_anchor_7,(the family solicitor) “and he s,100,4.254875183105469,0,0.5416666666666666,0.45833333333333337
Glyph v2 50k,50000,2.2257748879492283,topk20_t0.7,val_anchor_7,(the family solicitor) “and he s,250,3.2040698528289795,0,0.6206896551724138,0.3793103448275862
Glyph v2 50k,50000,2.2257748879492283,topk20_t0.7,val_anchor_7,(the family solicitor) “and he s,500,6.000778675079346,0,0.5363636363636364,0.4636363636363636
Glyph v2 50k,50000,2.2257748879492283,topk20_t0.9,val_anchor_1,"       *       *

_later._--dr. ",0,5.337964057922363,0,0.0,0.0
Glyph v2 50k,50000,2.2257748879492283,topk20_t0.9,val_anchor_1,"       *       *

_later._--dr. ",10,5.52568244934082,0,0.0,1.0
Glyph v2 50k,50000,2.2257748879492283,topk20_t0.9,val_anchor_1,"       *       *

_later._--dr. ",25,1.2467362880706787,1,0.3333333333333333,0.6666666666666667
Glyph v2 50k,50000,2.2257748879492283,topk20_t0.9,val_anchor_1,"       *       *

_later._--dr. ",50,3.727726697921753,0,0.5,0.5
Glyph v2 50k,50000,2.2257748879492283,topk20_t0.9,val_anchor_1,"       *       *

_later._--dr. ",100,2.047070026397705,0,0.5454545454545454,0.4545454545454546
Glyph v2 50k,50000,2.2257748879492283,topk20_t0.9,val_anchor_1,"       *       *

_later._--dr. ",250,0.559672474861145,1,0.42,0.5800000000000001
Glyph v2 50k,50000,2.2257748879492283,topk20_t0.9,val_anchor_1,"       *       *

_later._--dr. ",500,3.524610996246338,0,0.33707865168539325,0.6629213483146068
Glyph v2 50k,50000,2.2257748879492283,topk20_t0.9,val_anchor_2,"accept these as
proofs of so wil",0,1.9457178115844727,0,0.0,0.0
Glyph v2 50k,50000,2.2257748879492283,topk20_t0.9,val_anchor_2,"accept these as
proofs of so wil",10,0.20267292857170105,1,0.5,0.5
Glyph v2 50k,50000,2.2257748879492283,topk20_t0.9,val_anchor_2,"accept these as
proofs of so wil",25,3.7516701221466064,0,0.6666666666666666,0.33333333333333337
Glyph v2 50k,50000,2.2257748879492283,topk20_t0.9,val_anchor_2,"accept these as
proofs of so wil",50,3.861647129058838,0,0.5833333333333334,0.41666666666666663
Glyph v2 50k,50000,2.2257748879492283,topk20_t0.9,val_anchor_2,"accept these as
proofs of so wil",100,6.063471794128418,0,0.45,0.55
Glyph v2 50k,50000,2.2257748879492283,topk20_t0.9,val_anchor_2,"accept these as
proofs of so wil",250,3.1527867317199707,0,0.46808510638297873,0.5319148936170213
Glyph v2 50k,50000,2.2257748879492283,topk20_t0.9,val_anchor_2,"accept these as
proofs of so wil",500,0.5663579702377319,1,0.4574468085106383,0.5425531914893618
Glyph v2 50k,50000,2.2257748879492283,topk20_t0.9,val_anchor_3,uty. everyone brightened at the ,0,2.3724799156188965,0,0.0,0.0
Glyph v2 50k,50000,2.2257748879492283,topk20_t0.9,val_anchor_3,uty. everyone brightened at the ,10,2.961681365966797,0,1.0,0.0
Glyph v2 50k,50000,2.2257748879492283,topk20_t0.9,val_anchor_3,uty. everyone brightened at the ,25,4.358772277832031,0,0.6,0.4
Glyph v2 50k,50000,2.2257748879492283,topk20_t0.9,val_anchor_3,uty. everyone brightened at the ,50,5.485319137573242,0,0.5555555555555556,0.4444444444444444
Glyph v2 50k,50000,2.2257748879492283,topk20_t0.9,val_anchor_3,uty. everyone brightened at the ,100,4.143194198608398,0,0.47058823529411764,0.5294117647058824
Glyph v2 50k,50000,2.2257748879492283,topk20_t0.9,val_anchor_3,uty. everyone brightened at the ,250,6.311862945556641,0,0.3953488372093023,0.6046511627906976
Glyph v2 50k,50000,2.2257748879492283,topk20_t0.9,val_anchor_3,uty. everyone brightened at the ,500,1.6938246488571167,0,0.38202247191011235,0.6179775280898876
Glyph v2 50k,50000,2.2257748879492283,topk20_t0.9,val_anchor_4, with your husband. i can’t unde,0,1.4899128675460815,1,0.0,0.0
Glyph v2 50k,50000,2.2257748879492283,topk20_t0.9,val_anchor_4, with your husband. i can’t unde,10,6.698001861572266,0,0.0,1.0
Glyph v2 50k,50000,2.2257748879492283,topk20_t0.9,val_anchor_4, with your husband. i can’t unde,25,6.3091230392456055,0,0.3333333333333333,0.6666666666666667
Glyph v2 50k,50000,2.2257748879492283,topk20_t0.9,val_anchor_4, with your husband. i can’t unde,50,1.4774435758590698,1,0.6153846153846154,0.3846153846153846
Glyph v2 50k,50000,2.2257748879492283,topk20_t0.9,val_anchor_4, with your husband. i can’t unde,100,5.58001708984375,0,0.5,0.5
Glyph v2 50k,50000,2.2257748879492283,topk20_t0.9,val_anchor_4, with your husband. i can’t unde,250,2.80161452293396,0,0.5370370370370371,0.4629629629629629
Glyph v2 50k,50000,2.2257748879492283,topk20_t0.9,val_anchor_4, with your husband. i can’t unde,500,5.296820640563965,0,0.5208333333333334,0.47916666666666663
Glyph v2 50k,50000,2.2257748879492283,topk20_t0.9,val_anchor_5, from an ensign and became emper,0,3.408689260482788,0,0.0,0.0
Glyph v2 50k,50000,2.2257748879492283,topk20_t0.9,val_anchor_5, from an ensign and became emper,10,4.434892654418945,0,0.5,0.5
Glyph v2 50k,50000,2.2257748879492283,topk20_t0.9,val_anchor_5, from an ensign and became emper,25,5.0591206550598145,0,0.2,0.8
Glyph v2 50k,50000,2.2257748879492283,topk20_t0.9,val_anchor_5, from an ensign and became emper,50,2.29941987991333,0,0.4444444444444444,0.5555555555555556
Glyph v2 50k,50000,2.2257748879492283,topk20_t0.9,val_anchor_5, from an ensign and became emper,100,4.079117774963379,0,0.6,0.4
Glyph v2 50k,50000,2.2257748879492283,topk20_t0.9,val_anchor_5, from an ensign and became emper,250,7.19178581237793,0,0.6415094339622641,0.3584905660377359
Glyph v2 50k,50000,2.2257748879492283,topk20_t0.9,val_anchor_5, from an ensign and became emper,500,6.04669189453125,0,0.5631067961165048,0.4368932038834952
Glyph v2 50k,50000,2.2257748879492283,topk20_t0.9,val_anchor_6,"sin of the countess’, a man with",0,0.4530009627342224,1,0.0,0.0
Glyph v2 50k,50000,2.2257748879492283,topk20_t0.9,val_anchor_6,"sin of the countess’, a man with",10,2.941579580307007,0,1.0,0.0
Glyph v2 50k,50000,2.2257748879492283,topk20_t0.9,val_anchor_6,"sin of the countess’, a man with",25,6.634355545043945,0,0.5,0.5
Glyph v2 50k,50000,2.2257748879492283,topk20_t0.9,val_anchor_6,"sin of the countess’, a man with",50,2.3218917846679688,0,0.4444444444444444,0.5555555555555556
Glyph v2 50k,50000,2.2257748879492283,topk20_t0.9,val_anchor_6,"sin of the countess’, a man with",100,4.237097263336182,0,0.47058823529411764,0.5294117647058824
Glyph v2 50k,50000,2.2257748879492283,topk20_t0.9,val_anchor_6,"sin of the countess’, a man with",250,2.1364121437072754,0,0.4782608695652174,0.5217391304347826
Glyph v2 50k,50000,2.2257748879492283,topk20_t0.9,val_anchor_6,"sin of the countess’, a man with",500,6.557426452636719,0,0.4948453608247423,0.5051546391752577
Glyph v2 50k,50000,2.2257748879492283,topk20_t0.9,val_anchor_7,(the family solicitor) “and he s,0,1.8146041631698608,0,0.0,0.0
Glyph v2 50k,50000,2.2257748879492283,topk20_t0.9,val_anchor_7,(the family solicitor) “and he s,10,3.1080894470214844,0,0.0,1.0
Glyph v2 50k,50000,2.2257748879492283,topk20_t0.9,val_anchor_7,(the family solicitor) “and he s,25,3.060882329940796,0,0.5,0.5
Glyph v2 50k,50000,2.2257748879492283,topk20_t0.9,val_anchor_7,(the family solicitor) “and he s,50,4.9424052238464355,0,0.36363636363636365,0.6363636363636364
Glyph v2 50k,50000,2.2257748879492283,topk20_t0.9,val_anchor_7,(the family solicitor) “and he s,100,4.055566787719727,0,0.4782608695652174,0.5217391304347826
Glyph v2 50k,50000,2.2257748879492283,topk20_t0.9,val_anchor_7,(the family solicitor) “and he s,250,6.00368595123291,0,0.48214285714285715,0.5178571428571428
Glyph v2 50k,50000,2.2257748879492283,topk20_t0.9,val_anchor_7,(the family solicitor) “and he s,500,4.484601020812988,0,0.5046728971962616,0.4953271028037384
Glyph v2 50k,50000,2.2257748879492283,topk20_t1.0,val_anchor_1,"       *       *

_later._--dr. ",0,5.337964057922363,0,0.0,0.0
Glyph v2 50k,50000,2.2257748879492283,topk20_t1.0,val_anchor_1,"       *       *

_later._--dr. ",10,6.237054824829102,0,0.5,0.5
Glyph v2 50k,50000,2.2257748879492283,topk20_t1.0,val_anchor_1,"       *       *

_later._--dr. ",25,5.9986443519592285,0,0.5714285714285714,0.4285714285714286
Glyph v2 50k,50000,2.2257748879492283,topk20_t1.0,val_anchor_1,"       *       *

_later._--dr. ",50,2.235290050506592,0,0.5,0.5
Glyph v2 50k,50000,2.2257748879492283,topk20_t1.0,val_anchor_1,"       *       *

_later._--dr. ",100,3.461216926574707,0,0.38095238095238093,0.6190476190476191
Glyph v2 50k,50000,2.2257748879492283,topk20_t1.0,val_anchor_1,"       *       *

_later._--dr. ",250,5.968481063842773,0,0.34,0.6599999999999999
Glyph v2 50k,50000,2.2257748879492283,topk20_t1.0,val_anchor_1,"       *       *

_later._--dr. ",500,0.9244056940078735,1,0.2696629213483146,0.7303370786516854
Glyph v2 50k,50000,2.2257748879492283,topk20_t1.0,val_anchor_2,"accept these as
proofs of so wil",0,1.9457178115844727,0,0.0,0.0
Glyph v2 50k,50000,2.2257748879492283,topk20_t1.0,val_anchor_2,"accept these as
proofs of so wil",10,3.805009126663208,0,0.0,1.0
Glyph v2 50k,50000,2.2257748879492283,topk20_t1.0,val_anchor_2,"accept these as
proofs of so wil",25,6.995612144470215,0,0.4,0.6
Glyph v2 50k,50000,2.2257748879492283,topk20_t1.0,val_anchor_2,"accept these as
proofs of so wil",50,4.227577209472656,0,0.5,0.5
Glyph v2 50k,50000,2.2257748879492283,topk20_t1.0,val_anchor_2,"accept these as
proofs of so wil",100,5.653690338134766,0,0.3,0.7
Glyph v2 50k,50000,2.2257748879492283,topk20_t1.0,val_anchor_2,"accept these as
proofs of so wil",250,6.9846930503845215,0,0.40816326530612246,0.5918367346938775
Glyph v2 50k,50000,2.2257748879492283,topk20_t1.0,val_anchor_2,"accept these as
proofs of so wil",500,1.7643506526947021,0,0.3829787234042553,0.6170212765957447
Glyph v2 50k,50000,2.2257748879492283,topk20_t1.0,val_anchor_3,uty. everyone brightened at the ,0,2.3724799156188965,0,0.0,0.0
Glyph v2 50k,50000,2.2257748879492283,topk20_t1.0,val_anchor_3,uty. everyone brightened at the ,10,2.961681365966797,0,1.0,0.0
Glyph v2 50k,50000,2.2257748879492283,topk20_t1.0,val_anchor_3,uty. everyone brightened at the ,25,6.199880123138428,0,0.6,0.4
Glyph v2 50k,50000,2.2257748879492283,topk20_t1.0,val_anchor_3,uty. everyone brightened at the ,50,1.9536399841308594,0,0.4444444444444444,0.5555555555555556
Glyph v2 50k,50000,2.2257748879492283,topk20_t1.0,val_anchor_3,uty. everyone brightened at the ,100,4.365711688995361,0,0.47368421052631576,0.5263157894736843
Glyph v2 50k,50000,2.2257748879492283,topk20_t1.0,val_anchor_3,uty. everyone brightened at the ,250,1.8710829019546509,0,0.46938775510204084,0.5306122448979591
Glyph v2 50k,50000,2.2257748879492283,topk20_t1.0,val_anchor_3,uty. everyone brightened at the ,500,3.216050624847412,0,0.41304347826086957,0.5869565217391304
Glyph v2 50k,50000,2.2257748879492283,topk20_t1.0,val_anchor_4, with your husband. i can’t unde,0,1.4899128675460815,1,0.0,0.0
Glyph v2 50k,50000,2.2257748879492283,topk20_t1.0,val_anchor_4, with your husband. i can’t unde,10,6.949294090270996,0,0.6666666666666666,0.33333333333333337
Glyph v2 50k,50000,2.2257748879492283,topk20_t1.0,val_anchor_4, with your husband. i can’t unde,25,6.577500343322754,0,0.3333333333333333,0.6666666666666667
Glyph v2 50k,50000,2.2257748879492283,topk20_t1.0,val_anchor_4, with your husband. i can’t unde,50,1.4972625970840454,1,0.6153846153846154,0.3846153846153846
Glyph v2 50k,50000,2.2257748879492283,topk20_t1.0,val_anchor_4, with your husband. i can’t unde,100,4.1734724044799805,0,0.4782608695652174,0.5217391304347826
Glyph v2 50k,50000,2.2257748879492283,topk20_t1.0,val_anchor_4, with your husband. i can’t unde,250,5.7217607498168945,0,0.45098039215686275,0.5490196078431373
Glyph v2 50k,50000,2.2257748879492283,topk20_t1.0,val_anchor_4, with your husband. i can’t unde,500,4.957100868225098,0,0.3684210526315789,0.631578947368421
Glyph v2 50k,50000,2.2257748879492283,topk20_t1.0,val_anchor_5, from an ensign and became emper,0,3.408689260482788,0,0.0,0.0
Glyph v2 50k,50000,2.2257748879492283,topk20_t1.0,val_anchor_5, from an ensign and became emper,10,4.434892654418945,0,0.5,0.5
Glyph v2 50k,50000,2.2257748879492283,topk20_t1.0,val_anchor_5, from an ensign and became emper,25,5.0591206550598145,0,0.2,0.8
Glyph v2 50k,50000,2.2257748879492283,topk20_t1.0,val_anchor_5, from an ensign and became emper,50,2.29941987991333,0,0.4444444444444444,0.5555555555555556
Glyph v2 50k,50000,2.2257748879492283,topk20_t1.0,val_anchor_5, from an ensign and became emper,100,2.046199321746826,0,0.5714285714285714,0.4285714285714286
Glyph v2 50k,50000,2.2257748879492283,topk20_t1.0,val_anchor_5, from an ensign and became emper,250,6.294835090637207,0,0.4897959183673469,0.5102040816326531
Glyph v2 50k,50000,2.2257748879492283,topk20_t1.0,val_anchor_5, from an ensign and became emper,500,2.530277967453003,0,0.45161290322580644,0.5483870967741935
Glyph v2 50k,50000,2.2257748879492283,topk20_t1.0,val_anchor_6,"sin of the countess’, a man with",0,0.4530009627342224,1,0.0,0.0
Glyph v2 50k,50000,2.2257748879492283,topk20_t1.0,val_anchor_6,"sin of the countess’, a man with",10,2.941579580307007,0,1.0,0.0
Glyph v2 50k,50000,2.2257748879492283,topk20_t1.0,val_anchor_6,"sin of the countess’, a man with",25,2.1304821968078613,0,0.7142857142857143,0.2857142857142857
Glyph v2 50k,50000,2.2257748879492283,topk20_t1.0,val_anchor_6,"sin of the countess’, a man with",50,7.154177188873291,0,0.6153846153846154,0.3846153846153846
Glyph v2 50k,50000,2.2257748879492283,topk20_t1.0,val_anchor_6,"sin of the countess’, a man with",100,1.1116999387741089,1,0.5454545454545454,0.4545454545454546
Glyph v2 50k,50000,2.2257748879492283,topk20_t1.0,val_anchor_6,"sin of the countess’, a man with",250,4.12750244140625,0,0.38,0.62
Glyph v2 50k,50000,2.2257748879492283,topk20_t1.0,val_anchor_6,"sin of the countess’, a man with",500,7.476601600646973,0,0.3763440860215054,0.6236559139784946
Glyph v2 50k,50000,2.2257748879492283,topk20_t1.0,val_anchor_7,(the family solicitor) “and he s,0,1.8146041631698608,0,0.0,0.0
Glyph v2 50k,50000,2.2257748879492283,topk20_t1.0,val_anchor_7,(the family solicitor) “and he s,10,3.1080894470214844,0,0.0,1.0
Glyph v2 50k,50000,2.2257748879492283,topk20_t1.0,val_anchor_7,(the family solicitor) “and he s,25,3.060882329940796,0,0.5,0.5
Glyph v2 50k,50000,2.2257748879492283,topk20_t1.0,val_anchor_7,(the family solicitor) “and he s,50,6.3358354568481445,0,0.4,0.6
Glyph v2 50k,50000,2.2257748879492283,topk20_t1.0,val_anchor_7,(the family solicitor) “and he s,100,3.862732172012329,0,0.3684210526315789,0.631578947368421
Glyph v2 50k,50000,2.2257748879492283,topk20_t1.0,val_anchor_7,(the family solicitor) “and he s,250,4.059118747711182,0,0.38,0.62
Glyph v2 50k,50000,2.2257748879492283,topk20_t1.0,val_anchor_7,(the family solicitor) “and he s,500,5.644744873046875,0,0.34375,0.65625
Glyph v2 100k,99000,1.9099718127399683,greedy,val_anchor_1,"       *       *

_later._--dr. ",0,5.068912029266357,0,0.0,0.0
Glyph v2 100k,99000,1.9099718127399683,greedy,val_anchor_1,"       *       *

_later._--dr. ",10,7.7085490226745605,0,1.0,0.0
Glyph v2 100k,99000,1.9099718127399683,greedy,val_anchor_1,"       *       *

_later._--dr. ",25,2.7791099548339844,0,0.8571428571428571,0.1428571428571429
Glyph v2 100k,99000,1.9099718127399683,greedy,val_anchor_1,"       *       *

_later._--dr. ",50,3.2159643173217773,0,0.8461538461538461,0.15384615384615385
Glyph v2 100k,99000,1.9099718127399683,greedy,val_anchor_1,"       *       *

_later._--dr. ",100,3.697600841522217,0,0.9583333333333334,0.04166666666666663
Glyph v2 100k,99000,1.9099718127399683,greedy,val_anchor_1,"       *       *

_later._--dr. ",250,7.3125505447387695,0,0.9821428571428571,0.017857142857142905
Glyph v2 100k,99000,1.9099718127399683,greedy,val_anchor_1,"       *       *

_later._--dr. ",500,7.069255828857422,0,0.9907407407407407,0.0092592592592593
Glyph v2 100k,99000,1.9099718127399683,greedy,val_anchor_2,"accept these as
proofs of so wil",0,1.5056805610656738,0,0.0,0.0
Glyph v2 100k,99000,1.9099718127399683,greedy,val_anchor_2,"accept these as
proofs of so wil",10,5.185929775238037,0,0.6666666666666666,0.33333333333333337
Glyph v2 100k,99000,1.9099718127399683,greedy,val_anchor_2,"accept these as
proofs of so wil",25,5.86459493637085,0,0.6666666666666666,0.33333333333333337
Glyph v2 100k,99000,1.9099718127399683,greedy,val_anchor_2,"accept these as
proofs of so wil",50,9.480384826660156,0,0.8,0.19999999999999996
Glyph v2 100k,99000,1.9099718127399683,greedy,val_anchor_2,"accept these as
proofs of so wil",100,6.412564277648926,0,0.8947368421052632,0.10526315789473684
Glyph v2 100k,99000,1.9099718127399683,greedy,val_anchor_2,"accept these as
proofs of so wil",250,3.8164095878601074,0,0.9411764705882353,0.05882352941176472
Glyph v2 100k,99000,1.9099718127399683,greedy,val_anchor_2,"accept these as
proofs of so wil",500,5.865305423736572,0,0.9607843137254902,0.039215686274509776
Glyph v2 100k,99000,1.9099718127399683,greedy,val_anchor_3,uty. everyone brightened at the ,0,2.238306760787964,1,0.0,0.0
Glyph v2 100k,99000,1.9099718127399683,greedy,val_anchor_3,uty. everyone brightened at the ,10,2.9687862396240234,0,1.0,0.0
Glyph v2 100k,99000,1.9099718127399683,greedy,val_anchor_3,uty. everyone brightened at the ,25,7.771249771118164,0,0.8,0.19999999999999996
Glyph v2 100k,99000,1.9099718127399683,greedy,val_anchor_3,uty. everyone brightened at the ,50,6.569369792938232,0,0.8,0.19999999999999996
Glyph v2 100k,99000,1.9099718127399683,greedy,val_anchor_3,uty. everyone brightened at the ,100,6.161064147949219,0,0.8421052631578947,0.1578947368421053
Glyph v2 100k,99000,1.9099718127399683,greedy,val_anchor_3,uty. everyone brightened at the ,250,0.049058131873607635,1,0.96,0.040000000000000036
Glyph v2 100k,99000,1.9099718127399683,greedy,val_anchor_3,uty. everyone brightened at the ,500,2.9537436962127686,0,0.9801980198019802,0.01980198019801982
Glyph v2 100k,99000,1.9099718127399683,greedy,val_anchor_4, with your husband. i can’t unde,0,0.481692910194397,1,0.0,0.0
Glyph v2 100k,99000,1.9099718127399683,greedy,val_anchor_4, with your husband. i can’t unde,10,0.7393897771835327,1,1.0,0.0
Glyph v2 100k,99000,1.9099718127399683,greedy,val_anchor_4, with your husband. i can’t unde,25,0.5325194001197815,1,1.0,0.0
Glyph v2 100k,99000,1.9099718127399683,greedy,val_anchor_4, with your husband. i can’t unde,50,7.206559658050537,0,1.0,0.0
Glyph v2 100k,99000,1.9099718127399683,greedy,val_anchor_4, with your husband. i can’t unde,100,3.494227886199951,0,1.0,0.0
Glyph v2 100k,99000,1.9099718127399683,greedy,val_anchor_4, with your husband. i can’t unde,250,2.982288360595703,0,0.9629629629629629,0.03703703703703709
Glyph v2 100k,99000,1.9099718127399683,greedy,val_anchor_4, with your husband. i can’t unde,500,6.376395225524902,0,0.9809523809523809,0.01904761904761909
Glyph v2 100k,99000,1.9099718127399683,greedy,val_anchor_5, from an ensign and became emper,0,4.066725254058838,0,0.0,0.0
Glyph v2 100k,99000,1.9099718127399683,greedy,val_anchor_5, from an ensign and became emper,10,3.8673291206359863,0,1.0,0.0
Glyph v2 100k,99000,1.9099718127399683,greedy,val_anchor_5, from an ensign and became emper,25,8.321338653564453,0,0.7142857142857143,0.2857142857142857
Glyph v2 100k,99000,1.9099718127399683,greedy,val_anchor_5, from an ensign and became emper,50,1.9454600811004639,0,0.8333333333333334,0.16666666666666663
Glyph v2 100k,99000,1.9099718127399683,greedy,val_anchor_5, from an ensign and became emper,100,7.6383843421936035,0,0.9047619047619048,0.09523809523809523
Glyph v2 100k,99000,1.9099718127399683,greedy,val_anchor_5, from an ensign and became emper,250,5.743520736694336,0,0.9615384615384616,0.038461538461538436
Glyph v2 100k,99000,1.9099718127399683,greedy,val_anchor_5, from an ensign and became emper,500,2.9906275272369385,0,0.9805825242718447,0.01941747572815533
Glyph v2 100k,99000,1.9099718127399683,greedy,val_anchor_6,"sin of the countess’, a man with",0,0.13804611563682556,1,0.0,0.0
Glyph v2 100k,99000,1.9099718127399683,greedy,val_anchor_6,"sin of the countess’, a man with",10,1.891547441482544,1,1.0,0.0
Glyph v2 100k,99000,1.9099718127399683,greedy,val_anchor_6,"sin of the countess’, a man with",25,0.8277122974395752,0,1.0,0.0
Glyph v2 100k,99000,1.9099718127399683,greedy,val_anchor_6,"sin of the countess’, a man with",50,2.474219799041748,0,0.9090909090909091,0.09090909090909094
Glyph v2 100k,99000,1.9099718127399683,greedy,val_anchor_6,"sin of the countess’, a man with",100,5.424394130706787,0,0.95,0.050000000000000044
Glyph v2 100k,99000,1.9099718127399683,greedy,val_anchor_6,"sin of the countess’, a man with",250,2.4391071796417236,1,0.9607843137254902,0.039215686274509776
Glyph v2 100k,99000,1.9099718127399683,greedy,val_anchor_6,"sin of the countess’, a man with",500,9.343694686889648,0,0.9805825242718447,0.01941747572815533
Glyph v2 100k,99000,1.9099718127399683,greedy,val_anchor_7,(the family solicitor) “and he s,0,2.0211994647979736,0,0.0,0.0
Glyph v2 100k,99000,1.9099718127399683,greedy,val_anchor_7,(the family solicitor) “and he s,10,1.0331580638885498,1,1.0,0.0
Glyph v2 100k,99000,1.9099718127399683,greedy,val_anchor_7,(the family solicitor) “and he s,25,2.848376750946045,0,0.8333333333333334,0.16666666666666663
Glyph v2 100k,99000,1.9099718127399683,greedy,val_anchor_7,(the family solicitor) “and he s,50,5.8567938804626465,0,0.9090909090909091,0.09090909090909094
Glyph v2 100k,99000,1.9099718127399683,greedy,val_anchor_7,(the family solicitor) “and he s,100,3.7879669666290283,0,0.9047619047619048,0.09523809523809523
Glyph v2 100k,99000,1.9099718127399683,greedy,val_anchor_7,(the family solicitor) “and he s,250,7.643046855926514,0,0.9622641509433962,0.037735849056603765
Glyph v2 100k,99000,1.9099718127399683,greedy,val_anchor_7,(the family solicitor) “and he s,500,7.116910457611084,0,0.9807692307692307,0.019230769230769273
Glyph v2 100k,99000,1.9099718127399683,topk20_t0.7,val_anchor_1,"       *       *

_later._--dr. ",0,5.068912029266357,0,0.0,0.0
Glyph v2 100k,99000,1.9099718127399683,topk20_t0.7,val_anchor_1,"       *       *

_later._--dr. ",10,6.090025901794434,0,1.0,0.0
Glyph v2 100k,99000,1.9099718127399683,topk20_t0.7,val_anchor_1,"       *       *

_later._--dr. ",25,4.902705192565918,0,0.8333333333333334,0.16666666666666663
Glyph v2 100k,99000,1.9099718127399683,topk20_t0.7,val_anchor_1,"       *       *

_later._--dr. ",50,1.611484169960022,0,0.8333333333333334,0.16666666666666663
Glyph v2 100k,99000,1.9099718127399683,topk20_t0.7,val_anchor_1,"       *       *

_later._--dr. ",100,7.061264991760254,0,0.7857142857142857,0.2142857142857143
Glyph v2 100k,99000,1.9099718127399683,topk20_t0.7,val_anchor_1,"       *       *

_later._--dr. ",250,0.1319095939397812,1,0.7857142857142857,0.2142857142857143
Glyph v2 100k,99000,1.9099718127399683,topk20_t0.7,val_anchor_1,"       *       *

_later._--dr. ",500,0.1319095939397812,1,0.7857142857142857,0.2142857142857143
Glyph v2 100k,99000,1.9099718127399683,topk20_t0.7,val_anchor_2,"accept these as
proofs of so wil",0,1.5056805610656738,0,0.0,0.0
Glyph v2 100k,99000,1.9099718127399683,topk20_t0.7,val_anchor_2,"accept these as
proofs of so wil",10,6.502064228057861,0,0.75,0.25
Glyph v2 100k,99000,1.9099718127399683,topk20_t0.7,val_anchor_2,"accept these as
proofs of so wil",25,4.874869346618652,0,1.0,0.0
Glyph v2 100k,99000,1.9099718127399683,topk20_t0.7,val_anchor_2,"accept these as
proofs of so wil",50,7.562088489532471,0,0.9166666666666666,0.08333333333333337
Glyph v2 100k,99000,1.9099718127399683,topk20_t0.7,val_anchor_2,"accept these as
proofs of so wil",100,7.210937976837158,0,0.8,0.19999999999999996
Glyph v2 100k,99000,1.9099718127399683,topk20_t0.7,val_anchor_2,"accept these as
proofs of so wil",250,6.026829719543457,0,0.7450980392156863,0.2549019607843137
Glyph v2 100k,99000,1.9099718127399683,topk20_t0.7,val_anchor_2,"accept these as
proofs of so wil",500,5.268130302429199,0,0.7378640776699029,0.2621359223300971
Glyph v2 100k,99000,1.9099718127399683,topk20_t0.7,val_anchor_3,uty. everyone brightened at the ,0,2.238306760787964,1,0.0,0.0
Glyph v2 100k,99000,1.9099718127399683,topk20_t0.7,val_anchor_3,uty. everyone brightened at the ,10,7.39249324798584,0,1.0,0.0
Glyph v2 100k,99000,1.9099718127399683,topk20_t0.7,val_anchor_3,uty. everyone brightened at the ,25,7.733898162841797,0,0.8333333333333334,0.16666666666666663
Glyph v2 100k,99000,1.9099718127399683,topk20_t0.7,val_anchor_3,uty. everyone brightened at the ,50,3.2696707248687744,0,0.8181818181818182,0.18181818181818177
Glyph v2 100k,99000,1.9099718127399683,topk20_t0.7,val_anchor_3,uty. everyone brightened at the ,100,7.252828121185303,0,0.7,0.30000000000000004
Glyph v2 100k,99000,1.9099718127399683,topk20_t0.7,val_anchor_3,uty. everyone brightened at the ,250,7.012790679931641,0,0.7115384615384616,0.28846153846153844
Glyph v2 100k,99000,1.9099718127399683,topk20_t0.7,val_anchor_3,uty. everyone brightened at the ,500,4.625692844390869,0,0.7333333333333333,0.2666666666666667
Glyph v2 100k,99000,1.9099718127399683,topk20_t0.7,val_anchor_4, with your husband. i can’t unde,0,0.481692910194397,1,0.0,0.0
Glyph v2 100k,99000,1.9099718127399683,topk20_t0.7,val_anchor_4, with your husband. i can’t unde,10,7.526069641113281,0,1.0,0.0
Glyph v2 100k,99000,1.9099718127399683,topk20_t0.7,val_anchor_4, with your husband. i can’t unde,25,7.188015937805176,0,1.0,0.0
Glyph v2 100k,99000,1.9099718127399683,topk20_t0.7,val_anchor_4, with your husband. i can’t unde,50,4.221698760986328,0,0.8333333333333334,0.16666666666666663
Glyph v2 100k,99000,1.9099718127399683,topk20_t0.7,val_anchor_4, with your husband. i can’t unde,100,4.195814609527588,0,0.7727272727272727,0.2272727272727273
Glyph v2 100k,99000,1.9099718127399683,topk20_t0.7,val_anchor_4, with your husband. i can’t unde,250,3.841663360595703,0,0.7547169811320755,0.24528301886792447
Glyph v2 100k,99000,1.9099718127399683,topk20_t0.7,val_anchor_4, with your husband. i can’t unde,500,4.4853715896606445,0,0.7777777777777778,0.2222222222222222
Glyph v2 100k,99000,1.9099718127399683,topk20_t0.7,val_anchor_5, from an ensign and became emper,0,4.066725254058838,0,0.0,0.0
Glyph v2 100k,99000,1.9099718127399683,topk20_t0.7,val_anchor_5, from an ensign and became emper,10,2.8270251750946045,0,1.0,0.0
Glyph v2 100k,99000,1.9099718127399683,topk20_t0.7,val_anchor_5, from an ensign and became emper,25,0.5746572017669678,1,0.8333333333333334,0.16666666666666663
Glyph v2 100k,99000,1.9099718127399683,topk20_t0.7,val_anchor_5, from an ensign and became emper,50,4.572057723999023,0,0.75,0.25
Glyph v2 100k,99000,1.9099718127399683,topk20_t0.7,val_anchor_5, from an ensign and became emper,100,3.8925435543060303,0,0.9166666666666666,0.08333333333333337
Glyph v2 100k,99000,1.9099718127399683,topk20_t0.7,val_anchor_5, from an ensign and became emper,250,3.748734712600708,0,0.8813559322033898,0.11864406779661019
Glyph v2 100k,99000,1.9099718127399683,topk20_t0.7,val_anchor_5, from an ensign and became emper,500,2.3328163623809814,0,0.8347826086956521,0.16521739130434787
Glyph v2 100k,99000,1.9099718127399683,topk20_t0.7,val_anchor_6,"sin of the countess’, a man with",0,0.13804611563682556,1,0.0,0.0
Glyph v2 100k,99000,1.9099718127399683,topk20_t0.7,val_anchor_6,"sin of the countess’, a man with",10,2.8321313858032227,0,0.6666666666666666,0.33333333333333337
Glyph v2 100k,99000,1.9099718127399683,topk20_t0.7,val_anchor_6,"sin of the countess’, a man with",25,5.836245059967041,0,0.8571428571428571,0.1428571428571429
Glyph v2 100k,99000,1.9099718127399683,topk20_t0.7,val_anchor_6,"sin of the countess’, a man with",50,5.199732303619385,0,0.8461538461538461,0.15384615384615385
Glyph v2 100k,99000,1.9099718127399683,topk20_t0.7,val_anchor_6,"sin of the countess’, a man with",100,4.27693510055542,0,0.782608695652174,0.21739130434782605
Glyph v2 100k,99000,1.9099718127399683,topk20_t0.7,val_anchor_6,"sin of the countess’, a man with",250,4.061545372009277,0,0.7777777777777778,0.2222222222222222
Glyph v2 100k,99000,1.9099718127399683,topk20_t0.7,val_anchor_6,"sin of the countess’, a man with",500,7.971033573150635,0,0.7850467289719626,0.2149532710280374
Glyph v2 100k,99000,1.9099718127399683,topk20_t0.7,val_anchor_7,(the family solicitor) “and he s,0,2.0211994647979736,0,0.0,0.0
Glyph v2 100k,99000,1.9099718127399683,topk20_t0.7,val_anchor_7,(the family solicitor) “and he s,10,8.995454788208008,0,1.0,0.0
Glyph v2 100k,99000,1.9099718127399683,topk20_t0.7,val_anchor_7,(the family solicitor) “and he s,25,7.597527503967285,0,1.0,0.0
Glyph v2 100k,99000,1.9099718127399683,topk20_t0.7,val_anchor_7,(the family solicitor) “and he s,50,4.358596324920654,0,0.7272727272727273,0.2727272727272727
Glyph v2 100k,99000,1.9099718127399683,topk20_t0.7,val_anchor_7,(the family solicitor) “and he s,100,4.570038318634033,0,0.7391304347826086,0.26086956521739135
Glyph v2 100k,99000,1.9099718127399683,topk20_t0.7,val_anchor_7,(the family solicitor) “and he s,250,6.112090587615967,0,0.7358490566037735,0.26415094339622647
Glyph v2 100k,99000,1.9099718127399683,topk20_t0.7,val_anchor_7,(the family solicitor) “and he s,500,8.020606994628906,0,0.7964601769911505,0.20353982300884954
Glyph v2 100k,99000,1.9099718127399683,topk20_t0.9,val_anchor_1,"       *       *

_later._--dr. ",0,5.068912029266357,0,0.0,0.0
Glyph v2 100k,99000,1.9099718127399683,topk20_t0.9,val_anchor_1,"       *       *

_later._--dr. ",10,5.1043701171875,0,0.6666666666666666,0.33333333333333337
Glyph v2 100k,99000,1.9099718127399683,topk20_t0.9,val_anchor_1,"       *       *

_later._--dr. ",25,5.282590389251709,0,0.4,0.6
Glyph v2 100k,99000,1.9099718127399683,topk20_t0.9,val_anchor_1,"       *       *

_later._--dr. ",50,5.7009968757629395,0,0.2857142857142857,0.7142857142857143
Glyph v2 100k,99000,1.9099718127399683,topk20_t0.9,val_anchor_1,"       *       *

_later._--dr. ",100,7.074822902679443,0,0.25,0.75
Glyph v2 100k,99000,1.9099718127399683,topk20_t0.9,val_anchor_1,"       *       *

_later._--dr. ",250,0.12343419343233109,1,0.4,0.6
Glyph v2 100k,99000,1.9099718127399683,topk20_t0.9,val_anchor_1,"       *       *

_later._--dr. ",500,0.1368284970521927,1,0.4,0.6
Glyph v2 100k,99000,1.9099718127399683,topk20_t0.9,val_anchor_2,"accept these as
proofs of so wil",0,1.5056805610656738,0,0.0,0.0
Glyph v2 100k,99000,1.9099718127399683,topk20_t0.9,val_anchor_2,"accept these as
proofs of so wil",10,6.502064228057861,0,0.75,0.25
Glyph v2 100k,99000,1.9099718127399683,topk20_t0.9,val_anchor_2,"accept these as
proofs of so wil",25,8.246025085449219,0,1.0,0.0
Glyph v2 100k,99000,1.9099718127399683,topk20_t0.9,val_anchor_2,"accept these as
proofs of so wil",50,2.8061411380767822,0,0.8461538461538461,0.15384615384615385
Glyph v2 100k,99000,1.9099718127399683,topk20_t0.9,val_anchor_2,"accept these as
proofs of so wil",100,3.4788732528686523,0,0.782608695652174,0.21739130434782605
Glyph v2 100k,99000,1.9099718127399683,topk20_t0.9,val_anchor_2,"accept these as
proofs of so wil",250,3.847155809402466,0,0.7547169811320755,0.24528301886792447
Glyph v2 100k,99000,1.9099718127399683,topk20_t0.9,val_anchor_2,"accept these as
proofs of so wil",500,7.196396350860596,0,0.7211538461538461,0.27884615384615385
Glyph v2 100k,99000,1.9099718127399683,topk20_t0.9,val_anchor_3,uty. everyone brightened at the ,0,2.238306760787964,1,0.0,0.0
Glyph v2 100k,99000,1.9099718127399683,topk20_t0.9,val_anchor_3,uty. everyone brightened at the ,10,7.39249324798584,0,1.0,0.0
Glyph v2 100k,99000,1.9099718127399683,topk20_t0.9,val_anchor_3,uty. everyone brightened at the ,25,5.512660026550293,0,1.0,0.0
Glyph v2 100k,99000,1.9099718127399683,topk20_t0.9,val_anchor_3,uty. everyone brightened at the ,50,3.9069066047668457,0,0.8181818181818182,0.18181818181818177
Glyph v2 100k,99000,1.9099718127399683,topk20_t0.9,val_anchor_3,uty. everyone brightened at the ,100,3.252469778060913,0,0.8181818181818182,0.18181818181818177
Glyph v2 100k,99000,1.9099718127399683,topk20_t0.9,val_anchor_3,uty. everyone brightened at the ,250,3.197936534881592,0,0.72,0.28
Glyph v2 100k,99000,1.9099718127399683,topk20_t0.9,val_anchor_3,uty. everyone brightened at the ,500,7.619170188903809,0,0.7524752475247525,0.24752475247524752
Glyph v2 100k,99000,1.9099718127399683,topk20_t0.9,val_anchor_4, with your husband. i can’t unde,0,0.481692910194397,1,0.0,0.0
Glyph v2 100k,99000,1.9099718127399683,topk20_t0.9,val_anchor_4, with your husband. i can’t unde,10,7.526069641113281,0,1.0,0.0
Glyph v2 100k,99000,1.9099718127399683,topk20_t0.9,val_anchor_4, with your husband. i can’t unde,25,7.43839693069458,0,0.8333333333333334,0.16666666666666663
Glyph v2 100k,99000,1.9099718127399683,topk20_t0.9,val_anchor_4, with your husband. i can’t unde,50,2.5361599922180176,0,0.6666666666666666,0.33333333333333337
Glyph v2 100k,99000,1.9099718127399683,topk20_t0.9,val_anchor_4, with your husband. i can’t unde,100,8.499275207519531,0,0.6363636363636364,0.36363636363636365
Glyph v2 100k,99000,1.9099718127399683,topk20_t0.9,val_anchor_4, with your husband. i can’t unde,250,5.4527459144592285,0,0.6363636363636364,0.36363636363636365
Glyph v2 100k,99000,1.9099718127399683,topk20_t0.9,val_anchor_4, with your husband. i can’t unde,500,5.824778079986572,0,0.6442307692307693,0.3557692307692307
Glyph v2 100k,99000,1.9099718127399683,topk20_t0.9,val_anchor_5, from an ensign and became emper,0,4.066725254058838,0,0.0,0.0
Glyph v2 100k,99000,1.9099718127399683,topk20_t0.9,val_anchor_5, from an ensign and became emper,10,2.8270251750946045,0,1.0,0.0
Glyph v2 100k,99000,1.9099718127399683,topk20_t0.9,val_anchor_5, from an ensign and became emper,25,0.5746572017669678,1,0.8333333333333334,0.16666666666666663
Glyph v2 100k,99000,1.9099718127399683,topk20_t0.9,val_anchor_5, from an ensign and became emper,50,3.7823987007141113,0,0.7272727272727273,0.2727272727272727
Glyph v2 100k,99000,1.9099718127399683,topk20_t0.9,val_anchor_5, from an ensign and became emper,100,2.235990047454834,0,0.65,0.35
Glyph v2 100k,99000,1.9099718127399683,topk20_t0.9,val_anchor_5, from an ensign and became emper,250,9.263582229614258,0,0.7636363636363637,0.23636363636363633
Glyph v2 100k,99000,1.9099718127399683,topk20_t0.9,val_anchor_5, from an ensign and became emper,500,3.3855504989624023,0,0.7307692307692307,0.2692307692307693
Glyph v2 100k,99000,1.9099718127399683,topk20_t0.9,val_anchor_6,"sin of the countess’, a man with",0,0.13804611563682556,1,0.0,0.0
Glyph v2 100k,99000,1.9099718127399683,topk20_t0.9,val_anchor_6,"sin of the countess’, a man with",10,2.8321313858032227,0,0.6666666666666666,0.33333333333333337
Glyph v2 100k,99000,1.9099718127399683,topk20_t0.9,val_anchor_6,"sin of the countess’, a man with",25,0.3270241618156433,1,0.6666666666666666,0.33333333333333337
Glyph v2 100k,99000,1.9099718127399683,topk20_t0.9,val_anchor_6,"sin of the countess’, a man with",50,7.472711563110352,0,0.75,0.25
Glyph v2 100k,99000,1.9099718127399683,topk20_t0.9,val_anchor_6,"sin of the countess’, a man with",100,5.681906700134277,0,0.6818181818181818,0.31818181818181823
Glyph v2 100k,99000,1.9099718127399683,topk20_t0.9,val_anchor_6,"sin of the countess’, a man with",250,3.849320650100708,0,0.7058823529411765,0.2941176470588235
Glyph v2 100k,99000,1.9099718127399683,topk20_t0.9,val_anchor_6,"sin of the countess’, a man with",500,8.282341003417969,0,0.7128712871287128,0.28712871287128716
Glyph v2 100k,99000,1.9099718127399683,topk20_t0.9,val_anchor_7,(the family solicitor) “and he s,0,2.0211994647979736,0,0.0,0.0
Glyph v2 100k,99000,1.9099718127399683,topk20_t0.9,val_anchor_7,(the family solicitor) “and he s,10,7.055368900299072,0,0.5,0.5
Glyph v2 100k,99000,1.9099718127399683,topk20_t0.9,val_anchor_7,(the family solicitor) “and he s,25,7.964962959289551,0,0.8571428571428571,0.1428571428571429
Glyph v2 100k,99000,1.9099718127399683,topk20_t0.9,val_anchor_7,(the family solicitor) “and he s,50,5.972700595855713,0,0.9166666666666666,0.08333333333333337
Glyph v2 100k,99000,1.9099718127399683,topk20_t0.9,val_anchor_7,(the family solicitor) “and he s,100,2.229435920715332,0,0.7727272727272727,0.2272727272727273
Glyph v2 100k,99000,1.9099718127399683,topk20_t0.9,val_anchor_7,(the family solicitor) “and he s,250,7.387866973876953,0,0.8113207547169812,0.18867924528301883
Glyph v2 100k,99000,1.9099718127399683,topk20_t0.9,val_anchor_7,(the family solicitor) “and he s,500,6.9327545166015625,0,0.7476635514018691,0.25233644859813087
Glyph v2 100k,99000,1.9099718127399683,topk20_t1.0,val_anchor_1,"       *       *

_later._--dr. ",0,5.068912029266357,0,0.0,0.0
Glyph v2 100k,99000,1.9099718127399683,topk20_t1.0,val_anchor_1,"       *       *

_later._--dr. ",10,5.1043701171875,0,0.6666666666666666,0.33333333333333337
Glyph v2 100k,99000,1.9099718127399683,topk20_t1.0,val_anchor_1,"       *       *

_later._--dr. ",25,0.14031697809696198,1,0.6666666666666666,0.33333333333333337
Glyph v2 100k,99000,1.9099718127399683,topk20_t1.0,val_anchor_1,"       *       *

_later._--dr. ",50,6.403498649597168,0,0.6666666666666666,0.33333333333333337
Glyph v2 100k,99000,1.9099718127399683,topk20_t1.0,val_anchor_1,"       *       *

_later._--dr. ",100,6.819185256958008,0,0.6,0.4
Glyph v2 100k,99000,1.9099718127399683,topk20_t1.0,val_anchor_1,"       *       *

_later._--dr. ",250,0.12484689801931381,1,0.5714285714285714,0.4285714285714286
Glyph v2 100k,99000,1.9099718127399683,topk20_t1.0,val_anchor_1,"       *       *

_later._--dr. ",500,0.11366018652915955,1,0.5454545454545454,0.4545454545454546
Glyph v2 100k,99000,1.9099718127399683,topk20_t1.0,val_anchor_2,"accept these as
proofs of so wil",0,1.5056805610656738,0,0.0,0.0
Glyph v2 100k,99000,1.9099718127399683,topk20_t1.0,val_anchor_2,"accept these as
proofs of so wil",10,6.502064228057861,0,0.75,0.25
Glyph v2 100k,99000,1.9099718127399683,topk20_t1.0,val_anchor_2,"accept these as
proofs of so wil",25,8.246025085449219,0,1.0,0.0
Glyph v2 100k,99000,1.9099718127399683,topk20_t1.0,val_anchor_2,"accept these as
proofs of so wil",50,5.042181015014648,0,0.6666666666666666,0.33333333333333337
Glyph v2 100k,99000,1.9099718127399683,topk20_t1.0,val_anchor_2,"accept these as
proofs of so wil",100,0.0860464796423912,1,0.782608695652174,0.21739130434782605
Glyph v2 100k,99000,1.9099718127399683,topk20_t1.0,val_anchor_2,"accept these as
proofs of so wil",250,2.814876079559326,0,0.7547169811320755,0.24528301886792447
Glyph v2 100k,99000,1.9099718127399683,topk20_t1.0,val_anchor_2,"accept these as
proofs of so wil",500,7.017038345336914,0,0.6831683168316832,0.3168316831683168
Glyph v2 100k,99000,1.9099718127399683,topk20_t1.0,val_anchor_3,uty. everyone brightened at the ,0,2.238306760787964,1,0.0,0.0
Glyph v2 100k,99000,1.9099718127399683,topk20_t1.0,val_anchor_3,uty. everyone brightened at the ,10,7.39249324798584,0,1.0,0.0
Glyph v2 100k,99000,1.9099718127399683,topk20_t1.0,val_anchor_3,uty. everyone brightened at the ,25,5.512660026550293,0,1.0,0.0
Glyph v2 100k,99000,1.9099718127399683,topk20_t1.0,val_anchor_3,uty. everyone brightened at the ,50,4.6438822746276855,0,0.8333333333333334,0.16666666666666663
Glyph v2 100k,99000,1.9099718127399683,topk20_t1.0,val_anchor_3,uty. everyone brightened at the ,100,6.5359110832214355,0,0.75,0.25
Glyph v2 100k,99000,1.9099718127399683,topk20_t1.0,val_anchor_3,uty. everyone brightened at the ,250,7.513535499572754,0,0.7222222222222222,0.2777777777777778
Glyph v2 100k,99000,1.9099718127399683,topk20_t1.0,val_anchor_3,uty. everyone brightened at the ,500,4.536747932434082,0,0.6732673267326733,0.3267326732673267
Glyph v2 100k,99000,1.9099718127399683,topk20_t1.0,val_anchor_4, with your husband. i can’t unde,0,0.481692910194397,1,0.0,0.0
Glyph v2 100k,99000,1.9099718127399683,topk20_t1.0,val_anchor_4, with your husband. i can’t unde,10,7.526069641113281,0,1.0,0.0
Glyph v2 100k,99000,1.9099718127399683,topk20_t1.0,val_anchor_4, with your husband. i can’t unde,25,7.43839693069458,0,0.8333333333333334,0.16666666666666663
Glyph v2 100k,99000,1.9099718127399683,topk20_t1.0,val_anchor_4, with your husband. i can’t unde,50,2.5361599922180176,0,0.6666666666666666,0.33333333333333337
Glyph v2 100k,99000,1.9099718127399683,topk20_t1.0,val_anchor_4, with your husband. i can’t unde,100,6.032395362854004,0,0.5909090909090909,0.40909090909090906
Glyph v2 100k,99000,1.9099718127399683,topk20_t1.0,val_anchor_4, with your husband. i can’t unde,250,7.30897331237793,0,0.6122448979591837,0.3877551020408163
Glyph v2 100k,99000,1.9099718127399683,topk20_t1.0,val_anchor_4, with your husband. i can’t unde,500,4.024150371551514,0,0.6041666666666666,0.39583333333333337
Glyph v2 100k,99000,1.9099718127399683,topk20_t1.0,val_anchor_5, from an ensign and became emper,0,4.066725254058838,0,0.0,0.0
Glyph v2 100k,99000,1.9099718127399683,topk20_t1.0,val_anchor_5, from an ensign and became emper,10,2.8270251750946045,0,1.0,0.0
Glyph v2 100k,99000,1.9099718127399683,topk20_t1.0,val_anchor_5, from an ensign and became emper,25,0.14151400327682495,1,0.6666666666666666,0.33333333333333337
Glyph v2 100k,99000,1.9099718127399683,topk20_t1.0,val_anchor_5, from an ensign and became emper,50,2.726613759994507,0,0.7272727272727273,0.2727272727272727
Glyph v2 100k,99000,1.9099718127399683,topk20_t1.0,val_anchor_5, from an ensign and became emper,100,2.4074058532714844,0,0.7368421052631579,0.26315789473684215
Glyph v2 100k,99000,1.9099718127399683,topk20_t1.0,val_anchor_5, from an ensign and became emper,250,7.55066442489624,0,0.6862745098039216,0.3137254901960784
Glyph v2 100k,99000,1.9099718127399683,topk20_t1.0,val_anchor_5, from an ensign and became emper,500,6.1625447273254395,0,0.6565656565656566,0.3434343434343434
Glyph v2 100k,99000,1.9099718127399683,topk20_t1.0,val_anchor_6,"sin of the countess’, a man with",0,0.13804611563682556,1,0.0,0.0
Glyph v2 100k,99000,1.9099718127399683,topk20_t1.0,val_anchor_6,"sin of the countess’, a man with",10,2.7420763969421387,0,1.0,0.0
Glyph v2 100k,99000,1.9099718127399683,topk20_t1.0,val_anchor_6,"sin of the countess’, a man with",25,3.8399498462677,0,0.8,0.19999999999999996
Glyph v2 100k,99000,1.9099718127399683,topk20_t1.0,val_anchor_6,"sin of the countess’, a man with",50,2.92865252494812,0,0.625,0.375
Glyph v2 100k,99000,1.9099718127399683,topk20_t1.0,val_anchor_6,"sin of the countess’, a man with",100,2.6671812534332275,0,0.6666666666666666,0.33333333333333337
Glyph v2 100k,99000,1.9099718127399683,topk20_t1.0,val_anchor_6,"sin of the countess’, a man with",250,7.358424663543701,0,0.6666666666666666,0.33333333333333337
Glyph v2 100k,99000,1.9099718127399683,topk20_t1.0,val_anchor_6,"sin of the countess’, a man with",500,6.048108100891113,0,0.6354166666666666,0.36458333333333337
Glyph v2 100k,99000,1.9099718127399683,topk20_t1.0,val_anchor_7,(the family solicitor) “and he s,0,2.0211994647979736,0,0.0,0.0
Glyph v2 100k,99000,1.9099718127399683,topk20_t1.0,val_anchor_7,(the family solicitor) “and he s,10,7.055368900299072,0,0.5,0.5
Glyph v2 100k,99000,1.9099718127399683,topk20_t1.0,val_anchor_7,(the family solicitor) “and he s,25,7.532620429992676,0,0.3333333333333333,0.6666666666666667
Glyph v2 100k,99000,1.9099718127399683,topk20_t1.0,val_anchor_7,(the family solicitor) “and he s,50,2.453512191772461,0,0.3333333333333333,0.6666666666666667
Glyph v2 100k,99000,1.9099718127399683,topk20_t1.0,val_anchor_7,(the family solicitor) “and he s,100,1.6909210681915283,0,0.35714285714285715,0.6428571428571428
Glyph v2 100k,99000,1.9099718127399683,topk20_t1.0,val_anchor_7,(the family solicitor) “and he s,250,4.31446647644043,0,0.5348837209302325,0.4651162790697675
Glyph v2 100k,99000,1.9099718127399683,topk20_t1.0,val_anchor_7,(the family solicitor) “and he s,500,2.894486665725708,0,0.5869565217391305,0.4130434782608695
