model,step,best_val_loss,mode,anchor,horizon,avg_gt_nll,avg_gt_top1,valid_word_ratio,malformed_word_ratio,avg_word_len,vocab_diversity,repeated_word_ratio
Glyph v2 20k,20000,2.3610776904970407,greedy,val_anchor_1,10,5.658382415771484,0.0,1.0,0.0,2.6666666666666665,0.6666666666666666,0.3333333333333333
Glyph v2 20k,20000,2.3610776904970407,greedy,val_anchor_1,25,4.768214931488037,0.16,1.0,0.0,2.7142857142857144,0.42857142857142855,0.5714285714285714
Glyph v2 20k,20000,2.3610776904970407,greedy,val_anchor_1,50,4.501708609461784,0.2,1.0,0.0,2.923076923076923,0.15384615384615385,0.8461538461538461
Glyph v2 20k,20000,2.3610776904970407,greedy,val_anchor_1,100,4.4310616454482075,0.15,1.0,0.0,2.8846153846153846,0.11538461538461539,0.8846153846153846
Glyph v2 20k,20000,2.3610776904970407,greedy,val_anchor_1,250,4.243867353081703,0.108,1.0,0.0,2.984126984126984,0.031746031746031744,0.9682539682539683
Glyph v2 20k,20000,2.3610776904970407,greedy,val_anchor_1,500,4.13045959097147,0.098,1.0,0.0,2.9761904761904763,0.023809523809523808,0.9761904761904762
Glyph v2 20k,20000,2.3610776904970407,greedy,val_anchor_2,10,3.650738924741745,0.2,1.0,0.0,2.3333333333333335,0.6666666666666666,0.3333333333333333
Glyph v2 20k,20000,2.3610776904970407,greedy,val_anchor_2,25,4.180766259431839,0.12,1.0,0.0,3.0,0.16666666666666666,0.8333333333333334
Glyph v2 20k,20000,2.3610776904970407,greedy,val_anchor_2,50,4.330447607636452,0.06,1.0,0.0,2.8461538461538463,0.15384615384615385,0.8461538461538461
Glyph v2 20k,20000,2.3610776904970407,greedy,val_anchor_2,100,4.312655383646488,0.05,1.0,0.0,3.0,0.04,0.96
Glyph v2 20k,20000,2.3610776904970407,greedy,val_anchor_2,250,4.303369727492332,0.084,1.0,0.0,2.9682539682539684,0.031746031746031744,0.9682539682539683
Glyph v2 20k,20000,2.3610776904970407,greedy,val_anchor_2,500,4.1802246405482295,0.092,1.0,0.0,3.0,0.008,0.992
Glyph v2 20k,20000,2.3610776904970407,greedy,val_anchor_3,10,4.45608606338501,0.0,1.0,0.0,2.3333333333333335,0.6666666666666666,0.3333333333333333
Glyph v2 20k,20000,2.3610776904970407,greedy,val_anchor_3,25,4.733442506790161,0.04,1.0,0.0,3.0,0.16666666666666666,0.8333333333333334
Glyph v2 20k,20000,2.3610776904970407,greedy,val_anchor_3,50,4.601717889308929,0.04,1.0,0.0,2.8461538461538463,0.15384615384615385,0.8461538461538461
Glyph v2 20k,20000,2.3610776904970407,greedy,val_anchor_3,100,4.575625048875809,0.03,1.0,0.0,3.0,0.04,0.96
Glyph v2 20k,20000,2.3610776904970407,greedy,val_anchor_3,250,4.443680639266968,0.044,1.0,0.0,2.9682539682539684,0.031746031746031744,0.9682539682539683
Glyph v2 20k,20000,2.3610776904970407,greedy,val_anchor_3,500,4.246635685682297,0.084,1.0,0.0,3.0,0.008,0.992
Glyph v2 20k,20000,2.3610776904970407,greedy,val_anchor_4,10,4.668042230606079,0.0,1.0,0.0,2.6666666666666665,0.6666666666666666,0.3333333333333333
Glyph v2 20k,20000,2.3610776904970407,greedy,val_anchor_4,25,4.7442258644104,0.0,1.0,0.0,2.7142857142857144,0.2857142857142857,0.7142857142857143
Glyph v2 20k,20000,2.3610776904970407,greedy,val_anchor_4,50,4.545645155906677,0.04,1.0,0.0,2.923076923076923,0.15384615384615385,0.8461538461538461
Glyph v2 20k,20000,2.3610776904970407,greedy,val_anchor_4,100,4.24750067949295,0.08,1.0,0.0,3.0,0.04,0.96
Glyph v2 20k,20000,2.3610776904970407,greedy,val_anchor_4,250,4.092193051099777,0.108,1.0,0.0,2.984126984126984,0.031746031746031744,0.9682539682539683
Glyph v2 20k,20000,2.3610776904970407,greedy,val_anchor_4,500,4.231037575483322,0.104,1.0,0.0,3.0,0.008,0.992
Glyph v2 20k,20000,2.3610776904970407,greedy,val_anchor_5,10,4.366032135486603,0.0,1.0,0.0,2.3333333333333335,0.6666666666666666,0.3333333333333333
Glyph v2 20k,20000,2.3610776904970407,greedy,val_anchor_5,25,4.663872542381287,0.0,1.0,0.0,2.7142857142857144,0.2857142857142857,0.7142857142857143
Glyph v2 20k,20000,2.3610776904970407,greedy,val_anchor_5,50,4.5971062594652174,0.04,1.0,0.0,2.8461538461538463,0.15384615384615385,0.8461538461538461
Glyph v2 20k,20000,2.3610776904970407,greedy,val_anchor_5,100,4.281610839664936,0.09,1.0,0.0,2.8846153846153846,0.11538461538461539,0.8846153846153846
Glyph v2 20k,20000,2.3610776904970407,greedy,val_anchor_5,250,4.333989139676094,0.104,1.0,0.0,2.9682539682539684,0.031746031746031744,0.9682539682539683
Glyph v2 20k,20000,2.3610776904970407,greedy,val_anchor_5,500,4.249798904716968,0.088,1.0,0.0,2.9761904761904763,0.023809523809523808,0.9761904761904762
Glyph v2 20k,20000,2.3610776904970407,greedy,val_anchor_6,10,4.168799930810929,0.2,1.0,0.0,2.6666666666666665,0.6666666666666666,0.3333333333333333
Glyph v2 20k,20000,2.3610776904970407,greedy,val_anchor_6,25,4.372946193218231,0.16,1.0,0.0,2.7142857142857144,0.42857142857142855,0.5714285714285714
Glyph v2 20k,20000,2.3610776904970407,greedy,val_anchor_6,50,4.210845266580582,0.12,1.0,0.0,2.923076923076923,0.15384615384615385,0.8461538461538461
Glyph v2 20k,20000,2.3610776904970407,greedy,val_anchor_6,100,4.1516578114032745,0.11,1.0,0.0,2.8846153846153846,0.11538461538461539,0.8846153846153846
Glyph v2 20k,20000,2.3610776904970407,greedy,val_anchor_6,250,4.134708673357964,0.112,1.0,0.0,2.984126984126984,0.031746031746031744,0.9682539682539683
Glyph v2 20k,20000,2.3610776904970407,greedy,val_anchor_6,500,4.096850045859814,0.11,1.0,0.0,2.9761904761904763,0.023809523809523808,0.9761904761904762
Glyph v2 20k,20000,2.3610776904970407,greedy,val_anchor_7,10,4.777940130233764,0.0,1.0,0.0,2.3333333333333335,0.6666666666666666,0.3333333333333333
Glyph v2 20k,20000,2.3610776904970407,greedy,val_anchor_7,25,4.385139696598053,0.12,1.0,0.0,3.0,0.16666666666666666,0.8333333333333334
Glyph v2 20k,20000,2.3610776904970407,greedy,val_anchor_7,50,4.708936511278153,0.06,1.0,0.0,2.8461538461538463,0.15384615384615385,0.8461538461538461
Glyph v2 20k,20000,2.3610776904970407,greedy,val_anchor_7,100,4.453691130280495,0.07,1.0,0.0,3.0,0.04,0.96
Glyph v2 20k,20000,2.3610776904970407,greedy,val_anchor_7,250,4.1392322688102725,0.108,1.0,0.0,2.9682539682539684,0.031746031746031744,0.9682539682539683
Glyph v2 20k,20000,2.3610776904970407,greedy,val_anchor_7,500,4.211439644813537,0.094,1.0,0.0,3.0,0.008,0.992
Glyph v2 20k,20000,2.3610776904970407,topk20_t0.7,val_anchor_1,10,4.904191386699677,0.2,0.6666666666666666,0.33333333333333337,2.3333333333333335,1.0,0.0
Glyph v2 20k,20000,2.3610776904970407,topk20_t0.7,val_anchor_1,25,4.229540858268738,0.28,0.75,0.25,2.25,1.0,0.0
Glyph v2 20k,20000,2.3610776904970407,topk20_t0.7,val_anchor_1,50,3.8641146743297576,0.24,0.6428571428571429,0.3571428571428571,2.642857142857143,1.0,0.0
Glyph v2 20k,20000,2.3610776904970407,topk20_t0.7,val_anchor_1,100,4.057134568691254,0.16,0.48,0.52,2.96,0.96,0.04
Glyph v2 20k,20000,2.3610776904970407,topk20_t0.7,val_anchor_1,250,3.8904191509485244,0.128,0.4107142857142857,0.5892857142857143,3.4285714285714284,0.9642857142857143,0.03571428571428571
Glyph v2 20k,20000,2.3610776904970407,topk20_t0.7,val_anchor_1,500,3.7628272232860325,0.122,0.43243243243243246,0.5675675675675675,3.4504504504504503,0.8738738738738738,0.12612612612612611
Glyph v2 20k,20000,2.3610776904970407,topk20_t0.7,val_anchor_2,10,3.2162132143974302,0.2,1.0,0.0,2.3333333333333335,1.0,0.0
Glyph v2 20k,20000,2.3610776904970407,topk20_t0.7,val_anchor_2,25,3.799722785949707,0.08,0.6666666666666666,0.33333333333333337,3.1666666666666665,1.0,0.0
Glyph v2 20k,20000,2.3610776904970407,topk20_t0.7,val_anchor_2,50,3.686295051574707,0.04,0.5833333333333334,0.41666666666666663,3.25,0.9166666666666666,0.08333333333333333
Glyph v2 20k,20000,2.3610776904970407,topk20_t0.7,val_anchor_2,100,3.6509558886289595,0.07,0.64,0.36,3.04,0.92,0.08
Glyph v2 20k,20000,2.3610776904970407,topk20_t0.7,val_anchor_2,250,3.841518277168274,0.092,0.5272727272727272,0.4727272727272728,3.5272727272727273,0.8909090909090909,0.10909090909090909
Glyph v2 20k,20000,2.3610776904970407,topk20_t0.7,val_anchor_2,500,3.719221077680588,0.14,0.5267857142857143,0.4732142857142857,3.4375,0.7678571428571429,0.23214285714285715
Glyph v2 20k,20000,2.3610776904970407,topk20_t0.7,val_anchor_3,10,3.9113906025886536,0.1,0.5,0.5,4.5,1.0,0.0
Glyph v2 20k,20000,2.3610776904970407,topk20_t0.7,val_anchor_3,25,3.7105468904972074,0.12,0.4,0.6,4.2,1.0,0.0
Glyph v2 20k,20000,2.3610776904970407,topk20_t0.7,val_anchor_3,50,3.7725915056467056,0.12,0.4,0.6,4.1,1.0,0.0
Glyph v2 20k,20000,2.3610776904970407,topk20_t0.7,val_anchor_3,100,3.8291450276970864,0.12,0.4,0.6,4.0,1.0,0.0
Glyph v2 20k,20000,2.3610776904970407,topk20_t0.7,val_anchor_3,250,3.769158596992493,0.092,0.41509433962264153,0.5849056603773585,3.7169811320754715,0.9245283018867925,0.07547169811320754
Glyph v2 20k,20000,2.3610776904970407,topk20_t0.7,val_anchor_3,500,3.7947519833743573,0.094,0.45871559633027525,0.5412844036697247,3.55045871559633,0.8348623853211009,0.1651376146788991
Glyph v2 20k,20000,2.3610776904970407,topk20_t0.7,val_anchor_4,10,2.4900947153568267,0.3,0.0,1.0,4.0,1.0,0.0
Glyph v2 20k,20000,2.3610776904970407,topk20_t0.7,val_anchor_4,25,3.2485281109809874,0.24,0.4,0.6,4.0,1.0,0.0
Glyph v2 20k,20000,2.3610776904970407,topk20_t0.7,val_anchor_4,50,3.771139734983444,0.16,0.4,0.6,3.9,1.0,0.0
Glyph v2 20k,20000,2.3610776904970407,topk20_t0.7,val_anchor_4,100,3.645680574774742,0.16,0.45454545454545453,0.5454545454545454,3.5,1.0,0.0
Glyph v2 20k,20000,2.3610776904970407,topk20_t0.7,val_anchor_4,250,3.7838813791275023,0.116,0.49056603773584906,0.5094339622641509,3.641509433962264,0.9245283018867925,0.07547169811320754
Glyph v2 20k,20000,2.3610776904970407,topk20_t0.7,val_anchor_4,500,3.9380828379392625,0.098,0.4519230769230769,0.5480769230769231,3.769230769230769,0.8557692307692307,0.14423076923076922
Glyph v2 20k,20000,2.3610776904970407,topk20_t0.7,val_anchor_5,10,4.009463393688202,0.1,1.0,0.0,2.3333333333333335,1.0,0.0
Glyph v2 20k,20000,2.3610776904970407,topk20_t0.7,val_anchor_5,25,3.9953002548217773,0.12,0.6666666666666666,0.33333333333333337,3.1666666666666665,1.0,0.0
Glyph v2 20k,20000,2.3610776904970407,topk20_t0.7,val_anchor_5,50,4.196184062957764,0.08,0.6666666666666666,0.33333333333333337,3.25,1.0,0.0
Glyph v2 20k,20000,2.3610776904970407,topk20_t0.7,val_anchor_5,100,3.8665562915802,0.11,0.5454545454545454,0.4545454545454546,3.590909090909091,0.9090909090909091,0.09090909090909091
Glyph v2 20k,20000,2.3610776904970407,topk20_t0.7,val_anchor_5,250,3.979565500378609,0.108,0.5789473684210527,0.42105263157894735,3.3859649122807016,0.8771929824561403,0.12280701754385964
Glyph v2 20k,20000,2.3610776904970407,topk20_t0.7,val_anchor_5,500,3.9179258994460104,0.108,0.5877192982456141,0.4122807017543859,3.3684210526315788,0.7982456140350878,0.20175438596491227
Glyph v2 20k,20000,2.3610776904970407,topk20_t0.7,val_anchor_6,10,3.8032058835029603,0.0,0.5,0.5,4.5,1.0,0.0
Glyph v2 20k,20000,2.3610776904970407,topk20_t0.7,val_anchor_6,25,4.188042597770691,0.0,0.6666666666666666,0.33333333333333337,3.3333333333333335,1.0,0.0
Glyph v2 20k,20000,2.3610776904970407,topk20_t0.7,val_anchor_6,50,4.304400284290313,0.02,0.7272727272727273,0.2727272727272727,3.6363636363636362,1.0,0.0
Glyph v2 20k,20000,2.3610776904970407,topk20_t0.7,val_anchor_6,100,4.2438044339418415,0.05,0.5,0.5,4.0,0.95,0.05
Glyph v2 20k,20000,2.3610776904970407,topk20_t0.7,val_anchor_6,250,4.082304626464844,0.06,0.5,0.5,3.769230769230769,0.8461538461538461,0.15384615384615385
Glyph v2 20k,20000,2.3610776904970407,topk20_t0.7,val_anchor_6,500,3.957386642932892,0.068,0.5454545454545454,0.4545454545454546,3.5090909090909093,0.8,0.2
Glyph v2 20k,20000,2.3610776904970407,topk20_t0.7,val_anchor_7,10,3.3623733282089234,0.1,0.0,1.0,4.0,1.0,0.0
Glyph v2 20k,20000,2.3610776904970407,topk20_t0.7,val_anchor_7,25,3.8535121488571167,0.08,0.2,0.8,3.6,1.0,0.0
Glyph v2 20k,20000,2.3610776904970407,topk20_t0.7,val_anchor_7,50,3.9900322830677033,0.06,0.2727272727272727,0.7272727272727273,3.4545454545454546,1.0,0.0
Glyph v2 20k,20000,2.3610776904970407,topk20_t0.7,val_anchor_7,100,4.127232742905616,0.05,0.2,0.8,3.9,1.0,0.0
Glyph v2 20k,20000,2.3610776904970407,topk20_t0.7,val_anchor_7,250,4.059585434317589,0.064,0.37735849056603776,0.6226415094339622,3.660377358490566,0.9622641509433962,0.03773584905660377
Glyph v2 20k,20000,2.3610776904970407,topk20_t0.7,val_anchor_7,500,3.9777534517943858,0.08,0.5,0.5,3.5,0.8545454545454545,0.14545454545454545
Glyph v2 20k,20000,2.3610776904970407,topk20_t0.9,val_anchor_1,10,5.427660179138184,0.0,1.0,0.0,1.75,1.0,0.0
Glyph v2 20k,20000,2.3610776904970407,topk20_t0.9,val_anchor_1,25,3.753381063938141,0.32,0.5,0.5,3.1666666666666665,1.0,0.0
Glyph v2 20k,20000,2.3610776904970407,topk20_t0.9,val_anchor_1,50,3.61237438082695,0.3,0.45454545454545453,0.5454545454545454,3.5454545454545454,0.9090909090909091,0.09090909090909091
Glyph v2 20k,20000,2.3610776904970407,topk20_t0.9,val_anchor_1,100,3.86602693259716,0.18,0.38095238095238093,0.6190476190476191,3.761904761904762,0.9523809523809523,0.047619047619047616
Glyph v2 20k,20000,2.3610776904970407,topk20_t0.9,val_anchor_1,250,3.782439276456833,0.124,0.4,0.6,3.96,0.94,0.06
Glyph v2 20k,20000,2.3610776904970407,topk20_t0.9,val_anchor_1,500,3.751820314377546,0.098,0.3333333333333333,0.6666666666666667,4.145833333333333,0.9166666666666666,0.08333333333333333
Glyph v2 20k,20000,2.3610776904970407,topk20_t0.9,val_anchor_2,10,3.765392543375492,0.1,0.0,1.0,3.5,1.0,0.0
Glyph v2 20k,20000,2.3610776904970407,topk20_t0.9,val_anchor_2,25,3.3587327474355697,0.2,0.25,0.75,4.75,1.0,0.0
Glyph v2 20k,20000,2.3610776904970407,topk20_t0.9,val_anchor_2,50,3.5606324622035026,0.14,0.3333333333333333,0.6666666666666667,4.333333333333333,1.0,0.0
Glyph v2 20k,20000,2.3610776904970407,topk20_t0.9,val_anchor_2,100,3.6723532985150813,0.1,0.3333333333333333,0.6666666666666667,4.388888888888889,1.0,0.0
Glyph v2 20k,20000,2.3610776904970407,topk20_t0.9,val_anchor_2,250,3.810009347856045,0.112,0.2978723404255319,0.7021276595744681,4.170212765957447,1.0,0.0
Glyph v2 20k,20000,2.3610776904970407,topk20_t0.9,val_anchor_2,500,3.7709347601234913,0.136,0.3263157894736842,0.6736842105263158,4.157894736842105,0.9473684210526315,0.05263157894736842
Glyph v2 20k,20000,2.3610776904970407,topk20_t0.9,val_anchor_3,10,3.4023622035980225,0.1,0.0,1.0,4.5,1.0,0.0
Glyph v2 20k,20000,2.3610776904970407,topk20_t0.9,val_anchor_3,25,3.610636100769043,0.12,0.0,1.0,5.5,1.0,0.0
Glyph v2 20k,20000,2.3610776904970407,topk20_t0.9,val_anchor_3,50,3.6516553473472597,0.1,0.0,1.0,6.142857142857143,1.0,0.0
Glyph v2 20k,20000,2.3610776904970407,topk20_t0.9,val_anchor_3,100,3.7322591447830202,0.1,0.2,0.8,5.666666666666667,1.0,0.0
Glyph v2 20k,20000,2.3610776904970407,topk20_t0.9,val_anchor_3,250,3.873373370885849,0.092,0.37777777777777777,0.6222222222222222,4.466666666666667,0.9777777777777777,0.022222222222222223
Glyph v2 20k,20000,2.3610776904970407,topk20_t0.9,val_anchor_3,500,3.7659475509524345,0.112,0.40425531914893614,0.5957446808510638,4.24468085106383,0.9361702127659575,0.06382978723404255
Glyph v2 20k,20000,2.3610776904970407,topk20_t0.9,val_anchor_4,10,3.255743682384491,0.2,0.5,0.5,4.5,1.0,0.0
Glyph v2 20k,20000,2.3610776904970407,topk20_t0.9,val_anchor_4,25,4.545659055709839,0.12,0.0,1.0,5.25,1.0,0.0
Glyph v2 20k,20000,2.3610776904970407,topk20_t0.9,val_anchor_4,50,4.531283736228943,0.06,0.3333333333333333,0.6666666666666667,4.555555555555555,1.0,0.0
Glyph v2 20k,20000,2.3610776904970407,topk20_t0.9,val_anchor_4,100,4.119813277125359,0.07,0.25,0.75,4.0,1.0,0.0
Glyph v2 20k,20000,2.3610776904970407,topk20_t0.9,val_anchor_4,250,3.9700231530666352,0.076,0.2682926829268293,0.7317073170731707,5.024390243902439,1.0,0.0
Glyph v2 20k,20000,2.3610776904970407,topk20_t0.9,val_anchor_4,500,3.886214829206467,0.094,0.3516483516483517,0.6483516483516483,4.43956043956044,0.9120879120879121,0.08791208791208792
Glyph v2 20k,20000,2.3610776904970407,topk20_t0.9,val_anchor_5,10,4.746806240081787,0.0,0.75,0.25,1.75,1.0,0.0
Glyph v2 20k,20000,2.3610776904970407,topk20_t0.9,val_anchor_5,25,4.10429699420929,0.12,0.3333333333333333,0.6666666666666667,3.3333333333333335,1.0,0.0
Glyph v2 20k,20000,2.3610776904970407,topk20_t0.9,val_anchor_5,50,4.3852305054664615,0.06,0.4166666666666667,0.5833333333333333,3.25,1.0,0.0
Glyph v2 20k,20000,2.3610776904970407,topk20_t0.9,val_anchor_5,100,4.0970086050033565,0.09,0.5,0.5,3.1666666666666665,0.9166666666666666,0.08333333333333333
Glyph v2 20k,20000,2.3610776904970407,topk20_t0.9,val_anchor_5,250,4.112797341823578,0.088,0.41509433962264153,0.5849056603773585,3.69811320754717,0.9245283018867925,0.07547169811320754
Glyph v2 20k,20000,2.3610776904970407,topk20_t0.9,val_anchor_5,500,3.933354356497526,0.102,0.3619047619047619,0.638095238095238,3.704761904761905,0.8952380952380953,0.10476190476190476
Glyph v2 20k,20000,2.3610776904970407,topk20_t0.9,val_anchor_6,10,3.3299567461013795,0.1,0.6666666666666666,0.33333333333333337,2.6666666666666665,1.0,0.0
Glyph v2 20k,20000,2.3610776904970407,topk20_t0.9,val_anchor_6,25,3.8654242038726805,0.12,0.7142857142857143,0.2857142857142857,2.5714285714285716,1.0,0.0
Glyph v2 20k,20000,2.3610776904970407,topk20_t0.9,val_anchor_6,50,3.9060928273200988,0.1,0.5,0.5,3.8,1.0,0.0
Glyph v2 20k,20000,2.3610776904970407,topk20_t0.9,val_anchor_6,100,3.7059737646579745,0.09,0.3888888888888889,0.6111111111111112,4.444444444444445,0.9444444444444444,0.05555555555555555
Glyph v2 20k,20000,2.3610776904970407,topk20_t0.9,val_anchor_6,250,3.8477272531986237,0.088,0.3181818181818182,0.6818181818181819,4.545454545454546,0.9545454545454546,0.045454545454545456
Glyph v2 20k,20000,2.3610776904970407,topk20_t0.9,val_anchor_6,500,3.779373702645302,0.1,0.40384615384615385,0.5961538461538461,3.7115384615384617,0.875,0.125
Glyph v2 20k,20000,2.3610776904970407,topk20_t0.9,val_anchor_7,10,3.7611110389232634,0.1,0.0,1.0,8.0,1.0,0.0
Glyph v2 20k,20000,2.3610776904970407,topk20_t0.9,val_anchor_7,25,4.486853601932526,0.08,0.4,0.6,4.0,1.0,0.0
Glyph v2 20k,20000,2.3610776904970407,topk20_t0.9,val_anchor_7,50,4.290547474622726,0.1,0.3333333333333333,0.6666666666666667,4.333333333333333,1.0,0.0
Glyph v2 20k,20000,2.3610776904970407,topk20_t0.9,val_anchor_7,100,3.954210060238838,0.11,0.4444444444444444,0.5555555555555556,4.444444444444445,1.0,0.0
Glyph v2 20k,20000,2.3610776904970407,topk20_t0.9,val_anchor_7,250,3.8332783808708193,0.112,0.4,0.6,4.466666666666667,0.9555555555555556,0.044444444444444446
Glyph v2 20k,20000,2.3610776904970407,topk20_t0.9,val_anchor_7,500,3.9320930680036543,0.09,0.3723404255319149,0.6276595744680851,4.24468085106383,0.9361702127659575,0.06382978723404255
Glyph v2 20k,20000,2.3610776904970407,topk20_t1.0,val_anchor_1,10,4.851515257358551,0.1,0.6666666666666666,0.33333333333333337,2.3333333333333335,1.0,0.0
Glyph v2 20k,20000,2.3610776904970407,topk20_t1.0,val_anchor_1,25,4.0348652231693265,0.24,0.5,0.5,3.1666666666666665,1.0,0.0
Glyph v2 20k,20000,2.3610776904970407,topk20_t1.0,val_anchor_1,50,3.9579672378301622,0.28,0.5,0.5,3.25,1.0,0.0
Glyph v2 20k,20000,2.3610776904970407,topk20_t1.0,val_anchor_1,100,3.990479103624821,0.18,0.35,0.65,4.0,1.0,0.0
Glyph v2 20k,20000,2.3610776904970407,topk20_t1.0,val_anchor_1,250,3.8785557548999785,0.128,0.4,0.6,3.84,0.94,0.06
Glyph v2 20k,20000,2.3610776904970407,topk20_t1.0,val_anchor_1,500,3.7820538883805277,0.124,0.3626373626373626,0.6373626373626373,4.362637362637362,0.8901098901098901,0.10989010989010989
Glyph v2 20k,20000,2.3610776904970407,topk20_t1.0,val_anchor_2,10,3.827603316307068,0.2,1.0,0.0,1.75,1.0,0.0
Glyph v2 20k,20000,2.3610776904970407,topk20_t1.0,val_anchor_2,25,3.9986646461486814,0.08,0.5714285714285714,0.4285714285714286,2.7142857142857144,1.0,0.0
Glyph v2 20k,20000,2.3610776904970407,topk20_t1.0,val_anchor_2,50,3.822644474506378,0.08,0.5833333333333334,0.41666666666666663,3.25,1.0,0.0
Glyph v2 20k,20000,2.3610776904970407,topk20_t1.0,val_anchor_2,100,3.6844094315171243,0.09,0.5833333333333334,0.41666666666666663,3.1666666666666665,0.9583333333333334,0.041666666666666664
Glyph v2 20k,20000,2.3610776904970407,topk20_t1.0,val_anchor_2,250,3.8427831072807312,0.104,0.4423076923076923,0.5576923076923077,3.730769230769231,0.9615384615384616,0.038461538461538464
Glyph v2 20k,20000,2.3610776904970407,topk20_t1.0,val_anchor_2,500,3.7871095159053803,0.136,0.3541666666666667,0.6458333333333333,4.010416666666667,0.9375,0.0625
Glyph v2 20k,20000,2.3610776904970407,topk20_t1.0,val_anchor_3,10,2.8900468170642855,0.2,0.0,1.0,10.0,1.0,0.0
Glyph v2 20k,20000,2.3610776904970407,topk20_t1.0,val_anchor_3,25,3.339724931716919,0.12,0.5,0.5,5.5,1.0,0.0
Glyph v2 20k,20000,2.3610776904970407,topk20_t1.0,val_anchor_3,50,3.5820136141777037,0.12,0.25,0.75,5.375,1.0,0.0
Glyph v2 20k,20000,2.3610776904970407,topk20_t1.0,val_anchor_3,100,3.624049560427666,0.14,0.17647058823529413,0.8235294117647058,4.588235294117647,1.0,0.0
Glyph v2 20k,20000,2.3610776904970407,topk20_t1.0,val_anchor_3,250,3.756676983833313,0.104,0.4,0.6,3.8,0.92,0.08
Glyph v2 20k,20000,2.3610776904970407,topk20_t1.0,val_anchor_3,500,3.773568307042122,0.1,0.3877551020408163,0.6122448979591837,4.0,0.9183673469387755,0.08163265306122448
Glyph v2 20k,20000,2.3610776904970407,topk20_t1.0,val_anchor_4,10,3.987166476249695,0.0,0.5,0.5,4.0,1.0,0.0
Glyph v2 20k,20000,2.3610776904970407,topk20_t1.0,val_anchor_4,25,4.87181704044342,0.04,0.6,0.4,3.8,1.0,0.0
Glyph v2 20k,20000,2.3610776904970407,topk20_t1.0,val_anchor_4,50,4.2997946000099185,0.06,0.3,0.7,3.9,1.0,0.0
Glyph v2 20k,20000,2.3610776904970407,topk20_t1.0,val_anchor_4,100,3.921446822285652,0.07,0.4782608695652174,0.5217391304347826,3.3043478260869565,0.9565217391304348,0.043478260869565216
Glyph v2 20k,20000,2.3610776904970407,topk20_t1.0,val_anchor_4,250,3.7731924378871917,0.108,0.4339622641509434,0.5660377358490566,3.660377358490566,0.9245283018867925,0.07547169811320754
Glyph v2 20k,20000,2.3610776904970407,topk20_t1.0,val_anchor_4,500,3.885686750560999,0.12,0.32978723404255317,0.6702127659574468,4.212765957446808,0.9361702127659575,0.06382978723404255
Glyph v2 20k,20000,2.3610776904970407,topk20_t1.0,val_anchor_5,10,4.360733771324158,0.0,0.6666666666666666,0.33333333333333337,2.3333333333333335,1.0,0.0
Glyph v2 20k,20000,2.3610776904970407,topk20_t1.0,val_anchor_5,25,3.633099317550659,0.04,0.5,0.5,5.5,1.0,0.0
Glyph v2 20k,20000,2.3610776904970407,topk20_t1.0,val_anchor_5,50,3.9404445695877075,0.04,0.4444444444444444,0.5555555555555556,4.0,1.0,0.0
Glyph v2 20k,20000,2.3610776904970407,topk20_t1.0,val_anchor_5,100,3.9373828673362734,0.06,0.42105263157894735,0.5789473684210527,3.9473684210526314,1.0,0.0
Glyph v2 20k,20000,2.3610776904970407,topk20_t1.0,val_anchor_5,250,4.177085643410683,0.064,0.3958333333333333,0.6041666666666667,4.020833333333333,0.9583333333333334,0.041666666666666664
Glyph v2 20k,20000,2.3610776904970407,topk20_t1.0,val_anchor_5,500,3.9668571984767915,0.072,0.3181818181818182,0.6818181818181819,4.3977272727272725,0.9431818181818182,0.056818181818181816
Glyph v2 20k,20000,2.3610776904970407,topk20_t1.0,val_anchor_6,10,4.3946648865938185,0.1,0.5,0.5,4.0,1.0,0.0
Glyph v2 20k,20000,2.3610776904970407,topk20_t1.0,val_anchor_6,25,4.024948199391365,0.16,0.6666666666666666,0.33333333333333337,3.1666666666666665,1.0,0.0
Glyph v2 20k,20000,2.3610776904970407,topk20_t1.0,val_anchor_6,50,4.08352370172739,0.08,0.45454545454545453,0.5454545454545454,3.4545454545454546,1.0,0.0
Glyph v2 20k,20000,2.3610776904970407,topk20_t1.0,val_anchor_6,100,3.960870670825243,0.09,0.47368421052631576,0.5263157894736843,4.052631578947368,0.9473684210526315,0.05263157894736842
Glyph v2 20k,20000,2.3610776904970407,topk20_t1.0,val_anchor_6,250,3.890338669836521,0.104,0.3877551020408163,0.6122448979591837,3.9591836734693877,0.8979591836734694,0.10204081632653061
Glyph v2 20k,20000,2.3610776904970407,topk20_t1.0,val_anchor_6,500,3.8538671646416187,0.104,0.375,0.625,4.083333333333333,0.875,0.125
Glyph v2 20k,20000,2.3610776904970407,topk20_t1.0,val_anchor_7,10,4.347646105289459,0.0,1.0,0.0,2.3333333333333335,1.0,0.0
Glyph v2 20k,20000,2.3610776904970407,topk20_t1.0,val_anchor_7,25,4.020851459503174,0.08,0.8,0.19999999999999996,3.6,1.0,0.0
Glyph v2 20k,20000,2.3610776904970407,topk20_t1.0,val_anchor_7,50,4.115443713665009,0.08,0.6,0.4,3.8,1.0,0.0
Glyph v2 20k,20000,2.3610776904970407,topk20_t1.0,val_anchor_7,100,3.996078944206238,0.07,0.47368421052631576,0.5263157894736843,3.9473684210526314,1.0,0.0
Glyph v2 20k,20000,2.3610776904970407,topk20_t1.0,val_anchor_7,250,3.999369555234909,0.08,0.38,0.62,3.84,0.96,0.04
Glyph v2 20k,20000,2.3610776904970407,topk20_t1.0,val_anchor_7,500,4.058884016513824,0.084,0.39805825242718446,0.6019417475728155,3.7281553398058254,0.912621359223301,0.08737864077669903
Glyph v2 50k,50000,2.2257748879492283,greedy,val_anchor_1,10,6.255459570884705,0.0,1.0,0.0,2.6666666666666665,0.6666666666666666,0.3333333333333333
Glyph v2 50k,50000,2.2257748879492283,greedy,val_anchor_1,25,5.611032991409302,0.16,1.0,0.0,2.7142857142857144,0.42857142857142855,0.5714285714285714
Glyph v2 50k,50000,2.2257748879492283,greedy,val_anchor_1,50,5.494597097039223,0.2,1.0,0.0,2.923076923076923,0.15384615384615385,0.8461538461538461
Glyph v2 50k,50000,2.2257748879492283,greedy,val_anchor_1,100,5.203934305012226,0.15,1.0,0.0,2.8846153846153846,0.11538461538461539,0.8846153846153846
Glyph v2 50k,50000,2.2257748879492283,greedy,val_anchor_1,250,4.946697004437446,0.108,1.0,0.0,2.984126984126984,0.031746031746031744,0.9682539682539683
Glyph v2 50k,50000,2.2257748879492283,greedy,val_anchor_1,500,4.7192584250569345,0.098,1.0,0.0,2.9761904761904763,0.023809523809523808,0.9761904761904762
Glyph v2 50k,50000,2.2257748879492283,greedy,val_anchor_2,10,3.725049075484276,0.2,1.0,0.0,2.3333333333333335,0.6666666666666666,0.3333333333333333
Glyph v2 50k,50000,2.2257748879492283,greedy,val_anchor_2,25,3.473385260105133,0.28,1.0,0.0,2.7142857142857144,0.2857142857142857,0.7142857142857143
Glyph v2 50k,50000,2.2257748879492283,greedy,val_anchor_2,50,3.9006600630283357,0.22,1.0,0.0,2.8461538461538463,0.15384615384615385,0.8461538461538461
Glyph v2 50k,50000,2.2257748879492283,greedy,val_anchor_2,100,4.301131943762303,0.15,1.0,0.0,2.8846153846153846,0.11538461538461539,0.8846153846153846
Glyph v2 50k,50000,2.2257748879492283,greedy,val_anchor_2,250,4.311745286703109,0.14,1.0,0.0,2.9682539682539684,0.031746031746031744,0.9682539682539683
Glyph v2 50k,50000,2.2257748879492283,greedy,val_anchor_2,500,4.577196873426438,0.142,1.0,0.0,2.9761904761904763,0.023809523809523808,0.9761904761904762
Glyph v2 50k,50000,2.2257748879492283,greedy,val_anchor_3,10,3.103847125172615,0.3,1.0,0.0,2.6666666666666665,0.6666666666666666,0.3333333333333333
Glyph v2 50k,50000,2.2257748879492283,greedy,val_anchor_3,25,3.8884324407577515,0.24,1.0,0.0,2.7142857142857144,0.42857142857142855,0.5714285714285714
Glyph v2 50k,50000,2.2257748879492283,greedy,val_anchor_3,50,4.19861130297184,0.16,1.0,0.0,2.923076923076923,0.15384615384615385,0.8461538461538461
Glyph v2 50k,50000,2.2257748879492283,greedy,val_anchor_3,100,4.135007653236389,0.14,1.0,0.0,2.8846153846153846,0.11538461538461539,0.8846153846153846
Glyph v2 50k,50000,2.2257748879492283,greedy,val_anchor_3,250,4.40748214673996,0.112,1.0,0.0,2.984126984126984,0.031746031746031744,0.9682539682539683
Glyph v2 50k,50000,2.2257748879492283,greedy,val_anchor_3,500,4.466147531330585,0.12,1.0,0.0,2.9761904761904763,0.023809523809523808,0.9761904761904762
Glyph v2 50k,50000,2.2257748879492283,greedy,val_anchor_4,10,5.10432767868042,0.0,1.0,0.0,2.6666666666666665,0.6666666666666666,0.3333333333333333
Glyph v2 50k,50000,2.2257748879492283,greedy,val_anchor_4,25,4.993354353904724,0.0,1.0,0.0,2.7142857142857144,0.2857142857142857,0.7142857142857143
Glyph v2 50k,50000,2.2257748879492283,greedy,val_anchor_4,50,4.803405305147171,0.04,1.0,0.0,2.923076923076923,0.15384615384615385,0.8461538461538461
Glyph v2 50k,50000,2.2257748879492283,greedy,val_anchor_4,100,4.645973814129829,0.08,1.0,0.0,3.0,0.04,0.96
Glyph v2 50k,50000,2.2257748879492283,greedy,val_anchor_4,250,4.4963327341079715,0.108,1.0,0.0,2.984126984126984,0.031746031746031744,0.9682539682539683
Glyph v2 50k,50000,2.2257748879492283,greedy,val_anchor_4,500,4.6923155143857,0.104,1.0,0.0,3.0,0.008,0.992
Glyph v2 50k,50000,2.2257748879492283,greedy,val_anchor_5,10,4.868134808540344,0.0,1.0,0.0,2.3333333333333335,0.6666666666666666,0.3333333333333333
Glyph v2 50k,50000,2.2257748879492283,greedy,val_anchor_5,25,5.057717752456665,0.0,1.0,0.0,2.7142857142857144,0.2857142857142857,0.7142857142857143
Glyph v2 50k,50000,2.2257748879492283,greedy,val_anchor_5,50,5.020199590325356,0.04,1.0,0.0,2.8461538461538463,0.15384615384615385,0.8461538461538461
Glyph v2 50k,50000,2.2257748879492283,greedy,val_anchor_5,100,4.637390840053558,0.09,1.0,0.0,2.8846153846153846,0.11538461538461539,0.8846153846153846
Glyph v2 50k,50000,2.2257748879492283,greedy,val_anchor_5,250,4.730593111276627,0.104,1.0,0.0,2.9682539682539684,0.031746031746031744,0.9682539682539683
Glyph v2 50k,50000,2.2257748879492283,greedy,val_anchor_5,500,4.6795320601463315,0.088,1.0,0.0,2.9761904761904763,0.023809523809523808,0.9761904761904762
Glyph v2 50k,50000,2.2257748879492283,greedy,val_anchor_6,10,4.46811672449112,0.2,1.0,0.0,2.6666666666666665,0.6666666666666666,0.3333333333333333
Glyph v2 50k,50000,2.2257748879492283,greedy,val_anchor_6,25,4.633379839658737,0.16,1.0,0.0,2.7142857142857144,0.42857142857142855,0.5714285714285714
Glyph v2 50k,50000,2.2257748879492283,greedy,val_anchor_6,50,4.424725170135498,0.12,1.0,0.0,2.923076923076923,0.15384615384615385,0.8461538461538461
Glyph v2 50k,50000,2.2257748879492283,greedy,val_anchor_6,100,4.459871167838574,0.11,1.0,0.0,2.8846153846153846,0.11538461538461539,0.8846153846153846
Glyph v2 50k,50000,2.2257748879492283,greedy,val_anchor_6,250,4.502269451260567,0.112,1.0,0.0,2.984126984126984,0.031746031746031744,0.9682539682539683
Glyph v2 50k,50000,2.2257748879492283,greedy,val_anchor_6,500,4.506178382635117,0.11,1.0,0.0,2.9761904761904763,0.023809523809523808,0.9761904761904762
Glyph v2 50k,50000,2.2257748879492283,greedy,val_anchor_7,10,4.7014857769012455,0.0,1.0,0.0,2.3333333333333335,1.0,0.0
Glyph v2 50k,50000,2.2257748879492283,greedy,val_anchor_7,25,4.56462240934372,0.12,1.0,0.0,3.0,0.3333333333333333,0.6666666666666666
Glyph v2 50k,50000,2.2257748879492283,greedy,val_anchor_7,50,4.991022933721542,0.06,1.0,0.0,2.8461538461538463,0.23076923076923078,0.7692307692307693
Glyph v2 50k,50000,2.2257748879492283,greedy,val_anchor_7,100,4.8169851678609845,0.07,1.0,0.0,3.0,0.08,0.92
Glyph v2 50k,50000,2.2257748879492283,greedy,val_anchor_7,250,4.576795274734497,0.108,1.0,0.0,2.9682539682539684,0.047619047619047616,0.9523809523809523
Glyph v2 50k,50000,2.2257748879492283,greedy,val_anchor_7,500,4.734771138191223,0.094,1.0,0.0,3.0,0.016,0.984
Glyph v2 50k,50000,2.2257748879492283,topk20_t0.7,val_anchor_1,10,5.675608366727829,0.1,1.0,0.0,2.6666666666666665,1.0,0.0
Glyph v2 50k,50000,2.2257748879492283,topk20_t0.7,val_anchor_1,25,4.640986070632935,0.16,0.6,0.4,4.0,1.0,0.0
Glyph v2 50k,50000,2.2257748879492283,topk20_t0.7,val_anchor_1,50,4.509592185914516,0.22,0.5,0.5,4.1,1.0,0.0
Glyph v2 50k,50000,2.2257748879492283,topk20_t0.7,val_anchor_1,100,4.294640132039786,0.17,0.5263157894736842,0.4736842105263158,4.2631578947368425,1.0,0.0
Glyph v2 50k,50000,2.2257748879492283,topk20_t0.7,val_anchor_1,250,4.106556259691716,0.136,0.5384615384615384,0.46153846153846156,3.7884615384615383,0.7884615384615384,0.21153846153846154
Glyph v2 50k,50000,2.2257748879492283,topk20_t0.7,val_anchor_1,500,4.00812826398015,0.118,0.5765765765765766,0.42342342342342343,3.4864864864864864,0.7207207207207207,0.27927927927927926
Glyph v2 50k,50000,2.2257748879492283,topk20_t0.7,val_anchor_2,10,4.070309400558472,0.1,0.5,0.5,4.5,1.0,0.0
Glyph v2 50k,50000,2.2257748879492283,topk20_t0.7,val_anchor_2,25,3.70839953482151,0.2,0.8333333333333334,0.16666666666666663,3.1666666666666665,1.0,0.0
Glyph v2 50k,50000,2.2257748879492283,topk20_t0.7,val_anchor_2,50,3.7753884890675544,0.18,0.5,0.5,4.0,1.0,0.0
Glyph v2 50k,50000,2.2257748879492283,topk20_t0.7,val_anchor_2,100,3.7455685232579707,0.13,0.5,0.5,3.5454545454545454,0.9090909090909091,0.09090909090909091
Glyph v2 50k,50000,2.2257748879492283,topk20_t0.7,val_anchor_2,250,4.1429546836018565,0.104,0.48148148148148145,0.5185185185185186,3.611111111111111,0.7962962962962963,0.2037037037037037
Glyph v2 50k,50000,2.2257748879492283,topk20_t0.7,val_anchor_2,500,4.106542914807797,0.13,0.5826086956521739,0.4173913043478261,3.3304347826086955,0.6434782608695652,0.3565217391304348
Glyph v2 50k,50000,2.2257748879492283,topk20_t0.7,val_anchor_3,10,4.13854489326477,0.3,0.6666666666666666,0.33333333333333337,2.3333333333333335,1.0,0.0
Glyph v2 50k,50000,2.2257748879492283,topk20_t0.7,val_anchor_3,25,4.464712772369385,0.12,0.42857142857142855,0.5714285714285714,2.7142857142857144,1.0,0.0
Glyph v2 50k,50000,2.2257748879492283,topk20_t0.7,val_anchor_3,50,4.506383227705956,0.08,0.6153846153846154,0.3846153846153846,2.923076923076923,0.8461538461538461,0.15384615384615385
Glyph v2 50k,50000,2.2257748879492283,topk20_t0.7,val_anchor_3,100,4.373754114806652,0.1,0.6923076923076923,0.3076923076923077,2.8846153846153846,0.8461538461538461,0.15384615384615385
Glyph v2 50k,50000,2.2257748879492283,topk20_t0.7,val_anchor_3,250,4.069414784431458,0.092,0.603448275862069,0.39655172413793105,3.2758620689655173,0.8103448275862069,0.1896551724137931
Glyph v2 50k,50000,2.2257748879492283,topk20_t0.7,val_anchor_3,500,4.0758549099862575,0.076,0.6198347107438017,0.3801652892561983,3.090909090909091,0.6859504132231405,0.3140495867768595
Glyph v2 50k,50000,2.2257748879492283,topk20_t0.7,val_anchor_4,10,5.10432767868042,0.0,1.0,0.0,2.6666666666666665,0.6666666666666666,0.3333333333333333
Glyph v2 50k,50000,2.2257748879492283,topk20_t0.7,val_anchor_4,25,4.698210639953613,0.0,0.7142857142857143,0.2857142857142857,2.7142857142857144,0.7142857142857143,0.2857142857142857
Glyph v2 50k,50000,2.2257748879492283,topk20_t0.7,val_anchor_4,50,4.751408114433288,0.0,0.5833333333333334,0.41666666666666663,3.25,0.75,0.25
Glyph v2 50k,50000,2.2257748879492283,topk20_t0.7,val_anchor_4,100,4.78436651468277,0.03,0.5652173913043478,0.4347826086956522,3.347826086956522,0.782608695652174,0.21739130434782608
Glyph v2 50k,50000,2.2257748879492283,topk20_t0.7,val_anchor_4,250,4.415125935316086,0.056,0.625,0.375,3.4642857142857144,0.7321428571428571,0.26785714285714285
Glyph v2 50k,50000,2.2257748879492283,topk20_t0.7,val_anchor_4,500,4.316798964470625,0.082,0.6052631578947368,0.39473684210526316,3.3771929824561404,0.6666666666666666,0.3333333333333333
Glyph v2 50k,50000,2.2257748879492283,topk20_t0.7,val_anchor_5,10,4.2659927129745485,0.0,0.5,0.5,4.0,1.0,0.0
Glyph v2 50k,50000,2.2257748879492283,topk20_t0.7,val_anchor_5,25,3.989967839717865,0.08,0.5,0.5,3.3333333333333335,1.0,0.0
Glyph v2 50k,50000,2.2257748879492283,topk20_t0.7,val_anchor_5,50,4.066903647184372,0.06,0.5833333333333334,0.41666666666666663,3.25,0.9166666666666666,0.08333333333333333
Glyph v2 50k,50000,2.2257748879492283,topk20_t0.7,val_anchor_5,100,4.187150237262249,0.07,0.5454545454545454,0.4545454545454546,3.590909090909091,0.8181818181818182,0.18181818181818182
Glyph v2 50k,50000,2.2257748879492283,topk20_t0.7,val_anchor_5,250,4.349905504584313,0.084,0.6346153846153846,0.3653846153846154,3.75,0.7115384615384616,0.28846153846153844
Glyph v2 50k,50000,2.2257748879492283,topk20_t0.7,val_anchor_5,500,4.27357629597187,0.084,0.5943396226415094,0.4056603773584906,3.669811320754717,0.660377358490566,0.33962264150943394
Glyph v2 50k,50000,2.2257748879492283,topk20_t0.7,val_anchor_6,10,3.976418820023537,0.2,1.0,0.0,2.3333333333333335,1.0,0.0
Glyph v2 50k,50000,2.2257748879492283,topk20_t0.7,val_anchor_6,25,4.550417095422745,0.08,0.5,0.5,3.0,1.0,0.0
Glyph v2 50k,50000,2.2257748879492283,topk20_t0.7,val_anchor_6,50,4.379220669865608,0.08,0.5,0.5,3.9,1.0,0.0
Glyph v2 50k,50000,2.2257748879492283,topk20_t0.7,val_anchor_6,100,4.363933073282242,0.07,0.5789473684210527,0.42105263157894735,4.105263157894737,0.8947368421052632,0.10526315789473684
Glyph v2 50k,50000,2.2257748879492283,topk20_t0.7,val_anchor_6,250,4.300269608139992,0.056,0.62,0.38,3.9,0.8,0.2
Glyph v2 50k,50000,2.2257748879492283,topk20_t0.7,val_anchor_6,500,4.232776673257351,0.07,0.5981308411214953,0.4018691588785047,3.5981308411214954,0.7476635514018691,0.2523364485981308
Glyph v2 50k,50000,2.2257748879492283,topk20_t0.7,val_anchor_7,10,3.5213961362838746,0.2,1.0,0.0,1.6666666666666667,1.0,0.0
Glyph v2 50k,50000,2.2257748879492283,topk20_t0.7,val_anchor_7,25,4.088168640136718,0.12,0.6666666666666666,0.33333333333333337,3.0,1.0,0.0
Glyph v2 50k,50000,2.2257748879492283,topk20_t0.7,val_anchor_7,50,4.164755450487137,0.08,0.5555555555555556,0.4444444444444444,4.222222222222222,0.8888888888888888,0.1111111111111111
Glyph v2 50k,50000,2.2257748879492283,topk20_t0.7,val_anchor_7,100,4.086716056466103,0.11,0.47619047619047616,0.5238095238095238,3.6666666666666665,0.9523809523809523,0.047619047619047616
Glyph v2 50k,50000,2.2257748879492283,topk20_t0.7,val_anchor_7,250,4.026061520934105,0.116,0.5636363636363636,0.4363636363636364,3.5090909090909093,0.8,0.2
Glyph v2 50k,50000,2.2257748879492283,topk20_t0.7,val_anchor_7,500,4.176232607364654,0.098,0.5752212389380531,0.4247787610619469,3.3893805309734515,0.7168141592920354,0.2831858407079646
Glyph v2 50k,50000,2.2257748879492283,topk20_t0.9,val_anchor_1,10,5.663063579797745,0.1,0.6666666666666666,0.33333333333333337,2.3333333333333335,1.0,0.0
Glyph v2 50k,50000,2.2257748879492283,topk20_t0.9,val_anchor_1,25,4.904002155661583,0.16,0.4,0.6,3.6,1.0,0.0
Glyph v2 50k,50000,2.2257748879492283,topk20_t0.9,val_anchor_1,50,4.442350960969925,0.24,0.6666666666666666,0.33333333333333337,2.8333333333333335,0.9166666666666666,0.08333333333333333
Glyph v2 50k,50000,2.2257748879492283,topk20_t0.9,val_anchor_1,100,4.461892756819725,0.13,0.5909090909090909,0.40909090909090906,3.3636363636363638,0.8636363636363636,0.13636363636363635
Glyph v2 50k,50000,2.2257748879492283,topk20_t0.9,val_anchor_1,250,4.0511608893871305,0.116,0.5471698113207547,0.4528301886792453,3.5849056603773586,0.9245283018867925,0.07547169811320754
Glyph v2 50k,50000,2.2257748879492283,topk20_t0.9,val_anchor_1,500,4.064027565866708,0.116,0.5339805825242718,0.46601941747572817,3.7572815533980584,0.7961165048543689,0.20388349514563106
Glyph v2 50k,50000,2.2257748879492283,topk20_t0.9,val_anchor_2,10,4.319011276960373,0.1,0.6666666666666666,0.33333333333333337,2.6666666666666665,1.0,0.0
Glyph v2 50k,50000,2.2257748879492283,topk20_t0.9,val_anchor_2,25,4.2589867758750914,0.16,0.3333333333333333,0.6666666666666667,3.1666666666666665,1.0,0.0
Glyph v2 50k,50000,2.2257748879492283,topk20_t0.9,val_anchor_2,50,4.207186613082886,0.16,0.2727272727272727,0.7272727272727273,3.5454545454545454,1.0,0.0
Glyph v2 50k,50000,2.2257748879492283,topk20_t0.9,val_anchor_2,100,4.13928470492363,0.14,0.2857142857142857,0.7142857142857143,3.761904761904762,1.0,0.0
Glyph v2 50k,50000,2.2257748879492283,topk20_t0.9,val_anchor_2,250,4.069032076001167,0.128,0.40816326530612246,0.5918367346938775,4.040816326530612,0.8571428571428571,0.14285714285714285
Glyph v2 50k,50000,2.2257748879492283,topk20_t0.9,val_anchor_2,500,4.043019592523575,0.136,0.40594059405940597,0.594059405940594,3.871287128712871,0.8712871287128713,0.12871287128712872
Glyph v2 50k,50000,2.2257748879492283,topk20_t0.9,val_anchor_3,10,3.173019015789032,0.2,0.3333333333333333,0.6666666666666667,2.6666666666666665,1.0,0.0
Glyph v2 50k,50000,2.2257748879492283,topk20_t0.9,val_anchor_3,25,3.5873794245719908,0.28,0.2,0.8,4.2,1.0,0.0
Glyph v2 50k,50000,2.2257748879492283,topk20_t0.9,val_anchor_3,50,3.4716661870479584,0.24,0.5,0.5,4.1,1.0,0.0
Glyph v2 50k,50000,2.2257748879492283,topk20_t0.9,val_anchor_3,100,3.592624016702175,0.18,0.4,0.6,4.05,0.95,0.05
Glyph v2 50k,50000,2.2257748879492283,topk20_t0.9,val_anchor_3,250,3.757547322034836,0.132,0.5094339622641509,0.49056603773584906,3.6226415094339623,0.8113207547169812,0.18867924528301888
Glyph v2 50k,50000,2.2257748879492283,topk20_t0.9,val_anchor_3,500,3.9131470295190813,0.122,0.4536082474226804,0.5463917525773196,4.061855670103093,0.7938144329896907,0.20618556701030927
Glyph v2 50k,50000,2.2257748879492283,topk20_t0.9,val_anchor_4,10,3.9570199966430666,0.1,0.6666666666666666,0.33333333333333337,2.6666666666666665,1.0,0.0
Glyph v2 50k,50000,2.2257748879492283,topk20_t0.9,val_anchor_4,25,4.337297687530517,0.04,0.4,0.6,3.8,1.0,0.0
Glyph v2 50k,50000,2.2257748879492283,topk20_t0.9,val_anchor_4,50,4.291653625369072,0.04,0.3,0.7,3.8,1.0,0.0
Glyph v2 50k,50000,2.2257748879492283,topk20_t0.9,val_anchor_4,100,4.1178414639830585,0.08,0.35,0.65,3.75,1.0,0.0
Glyph v2 50k,50000,2.2257748879492283,topk20_t0.9,val_anchor_4,250,4.1650819492340085,0.072,0.40816326530612246,0.5918367346938775,3.9591836734693877,0.8979591836734694,0.10204081632653061
Glyph v2 50k,50000,2.2257748879492283,topk20_t0.9,val_anchor_4,500,4.165370225757361,0.086,0.45454545454545453,0.5454545454545454,3.9292929292929295,0.8383838383838383,0.16161616161616163
Glyph v2 50k,50000,2.2257748879492283,topk20_t0.9,val_anchor_5,10,3.766035294532776,0.2,0.6666666666666666,0.33333333333333337,2.6666666666666665,1.0,0.0
Glyph v2 50k,50000,2.2257748879492283,topk20_t0.9,val_anchor_5,25,3.700230413675308,0.2,0.6666666666666666,0.33333333333333337,3.3333333333333335,0.8333333333333334,0.16666666666666666
Glyph v2 50k,50000,2.2257748879492283,topk20_t0.9,val_anchor_5,50,4.129966507554054,0.14,0.6923076923076923,0.3076923076923077,2.769230769230769,0.9230769230769231,0.07692307692307693
Glyph v2 50k,50000,2.2257748879492283,topk20_t0.9,val_anchor_5,100,3.8492305283248425,0.13,0.5909090909090909,0.40909090909090906,3.409090909090909,0.9545454545454546,0.045454545454545456
Glyph v2 50k,50000,2.2257748879492283,topk20_t0.9,val_anchor_5,250,4.166584343373776,0.096,0.6111111111111112,0.38888888888888884,3.462962962962963,0.8703703703703703,0.12962962962962962
Glyph v2 50k,50000,2.2257748879492283,topk20_t0.9,val_anchor_5,500,4.148987850695849,0.108,0.5142857142857142,0.48571428571428577,3.6,0.780952380952381,0.21904761904761905
Glyph v2 50k,50000,2.2257748879492283,topk20_t0.9,val_anchor_6,10,3.6260581478476523,0.2,0.6666666666666666,0.33333333333333337,2.6666666666666665,1.0,0.0
Glyph v2 50k,50000,2.2257748879492283,topk20_t0.9,val_anchor_6,25,4.297345132231713,0.12,0.6,0.4,3.6,1.0,0.0
Glyph v2 50k,50000,2.2257748879492283,topk20_t0.9,val_anchor_6,50,4.445582821965218,0.1,0.4,0.6,3.7,1.0,0.0
Glyph v2 50k,50000,2.2257748879492283,topk20_t0.9,val_anchor_6,100,4.3569117633998395,0.1,0.5,0.5,3.85,0.95,0.05
Glyph v2 50k,50000,2.2257748879492283,topk20_t0.9,val_anchor_6,250,4.249620415389538,0.092,0.391304347826087,0.6086956521739131,4.173913043478261,0.9130434782608695,0.08695652173913043
Glyph v2 50k,50000,2.2257748879492283,topk20_t0.9,val_anchor_6,500,4.231144756168127,0.102,0.43333333333333335,0.5666666666666667,4.277777777777778,0.8888888888888888,0.1111111111111111
Glyph v2 50k,50000,2.2257748879492283,topk20_t0.9,val_anchor_7,10,4.1716683268547055,0.2,0.0,1.0,7.0,1.0,0.0
Glyph v2 50k,50000,2.2257748879492283,topk20_t0.9,val_anchor_7,25,4.779586454629898,0.16,0.6666666666666666,0.33333333333333337,3.0,1.0,0.0
Glyph v2 50k,50000,2.2257748879492283,topk20_t0.9,val_anchor_7,50,4.362540418505668,0.2,0.45454545454545453,0.5454545454545454,3.4545454545454546,1.0,0.0
Glyph v2 50k,50000,2.2257748879492283,topk20_t0.9,val_anchor_7,100,4.157295995652675,0.13,0.5714285714285714,0.4285714285714286,3.5238095238095237,0.9523809523809523,0.047619047619047616
Glyph v2 50k,50000,2.2257748879492283,topk20_t0.9,val_anchor_7,250,4.06055757278204,0.112,0.5384615384615384,0.46153846153846156,3.673076923076923,0.8269230769230769,0.17307692307692307
Glyph v2 50k,50000,2.2257748879492283,topk20_t0.9,val_anchor_7,500,4.218312284320593,0.09,0.45454545454545453,0.5454545454545454,3.919191919191919,0.8181818181818182,0.18181818181818182
Glyph v2 50k,50000,2.2257748879492283,topk20_t1.0,val_anchor_1,10,4.401208573579789,0.2,0.0,1.0,10.0,1.0,0.0
Glyph v2 50k,50000,2.2257748879492283,topk20_t1.0,val_anchor_1,25,4.2206843504309655,0.32,0.3333333333333333,0.6666666666666667,7.666666666666667,1.0,0.0
Glyph v2 50k,50000,2.2257748879492283,topk20_t1.0,val_anchor_1,50,4.219579854756594,0.28,0.5,0.5,5.25,0.75,0.25
Glyph v2 50k,50000,2.2257748879492283,topk20_t1.0,val_anchor_1,100,4.312987107411027,0.18,0.5882352941176471,0.4117647058823529,4.823529411764706,0.8823529411764706,0.11764705882352941
Glyph v2 50k,50000,2.2257748879492283,topk20_t1.0,val_anchor_1,250,4.154329958587885,0.12,0.5217391304347826,0.4782608695652174,4.391304347826087,0.8695652173913043,0.13043478260869565
Glyph v2 50k,50000,2.2257748879492283,topk20_t1.0,val_anchor_1,500,4.006590818092227,0.124,0.46808510638297873,0.5319148936170213,4.25531914893617,0.8085106382978723,0.19148936170212766
Glyph v2 50k,50000,2.2257748879492283,topk20_t1.0,val_anchor_2,10,3.5489692628383636,0.1,0.3333333333333333,0.6666666666666667,2.6666666666666665,1.0,0.0
Glyph v2 50k,50000,2.2257748879492283,topk20_t1.0,val_anchor_2,25,3.234987380504608,0.2,0.5714285714285714,0.4285714285714286,2.7142857142857144,1.0,0.0
Glyph v2 50k,50000,2.2257748879492283,topk20_t1.0,val_anchor_2,50,3.5718834637105465,0.14,0.6923076923076923,0.3076923076923077,2.769230769230769,0.9230769230769231,0.07692307692307693
Glyph v2 50k,50000,2.2257748879492283,topk20_t1.0,val_anchor_2,100,3.9055959087610246,0.09,0.45454545454545453,0.5454545454545454,3.409090909090909,0.9090909090909091,0.09090909090909091
Glyph v2 50k,50000,2.2257748879492283,topk20_t1.0,val_anchor_2,250,4.1770356315374375,0.08,0.38,0.62,3.82,0.88,0.12
Glyph v2 50k,50000,2.2257748879492283,topk20_t1.0,val_anchor_2,500,4.255690618917346,0.098,0.3723404255319149,0.6276595744680851,4.202127659574468,0.8723404255319149,0.1276595744680851
Glyph v2 50k,50000,2.2257748879492283,topk20_t1.0,val_anchor_3,10,4.54347927570343,0.1,0.0,1.0,8.0,1.0,0.0
Glyph v2 50k,50000,2.2257748879492283,topk20_t1.0,val_anchor_3,25,4.370212345123291,0.08,0.25,0.75,5.0,1.0,0.0
Glyph v2 50k,50000,2.2257748879492283,topk20_t1.0,val_anchor_3,50,4.1813252377510075,0.1,0.5,0.5,5.125,1.0,0.0
Glyph v2 50k,50000,2.2257748879492283,topk20_t1.0,val_anchor_3,100,4.064050071537495,0.1,0.47058823529411764,0.5294117647058824,4.764705882352941,0.9411764705882353,0.058823529411764705
Glyph v2 50k,50000,2.2257748879492283,topk20_t1.0,val_anchor_3,250,4.065093741357327,0.1,0.43478260869565216,0.5652173913043479,4.260869565217392,0.9347826086956522,0.06521739130434782
Glyph v2 50k,50000,2.2257748879492283,topk20_t1.0,val_anchor_3,500,4.13120470905304,0.086,0.43956043956043955,0.5604395604395604,4.318681318681318,0.8901098901098901,0.10989010989010989
Glyph v2 50k,50000,2.2257748879492283,topk20_t1.0,val_anchor_4,10,2.6969939708709716,0.2,0.0,1.0,4.0,1.0,0.0
Glyph v2 50k,50000,2.2257748879492283,topk20_t1.0,val_anchor_4,25,4.050661082267761,0.12,0.3333333333333333,0.6666666666666667,3.1666666666666665,1.0,0.0
Glyph v2 50k,50000,2.2257748879492283,topk20_t1.0,val_anchor_4,50,4.391090745925903,0.08,0.3333333333333333,0.6666666666666667,4.555555555555555,0.8888888888888888,0.1111111111111111
Glyph v2 50k,50000,2.2257748879492283,topk20_t1.0,val_anchor_4,100,4.213164483010769,0.06,0.4117647058823529,0.5882352941176471,4.823529411764706,0.8823529411764706,0.11764705882352941
Glyph v2 50k,50000,2.2257748879492283,topk20_t1.0,val_anchor_4,250,4.1595722342133525,0.064,0.36585365853658536,0.6341463414634146,4.926829268292683,0.9512195121951219,0.04878048780487805
Glyph v2 50k,50000,2.2257748879492283,topk20_t1.0,val_anchor_4,500,4.182008320391178,0.08,0.4,0.6,4.4,0.8777777777777778,0.12222222222222222
Glyph v2 50k,50000,2.2257748879492283,topk20_t1.0,val_anchor_5,10,4.170351114869118,0.2,0.5,0.5,4.0,1.0,0.0
Glyph v2 50k,50000,2.2257748879492283,topk20_t1.0,val_anchor_5,25,4.534236751794815,0.12,0.4,0.6,4.2,1.0,0.0
Glyph v2 50k,50000,2.2257748879492283,topk20_t1.0,val_anchor_5,50,4.432159295678138,0.08,0.36363636363636365,0.6363636363636364,3.5454545454545454,1.0,0.0
Glyph v2 50k,50000,2.2257748879492283,topk20_t1.0,val_anchor_5,100,4.351531436443329,0.09,0.5,0.5,3.4545454545454546,0.9090909090909091,0.09090909090909091
Glyph v2 50k,50000,2.2257748879492283,topk20_t1.0,val_anchor_5,250,4.413828707814217,0.084,0.5098039215686274,0.4901960784313726,3.7450980392156863,0.9411764705882353,0.058823529411764705
Glyph v2 50k,50000,2.2257748879492283,topk20_t1.0,val_anchor_5,500,4.302385111510754,0.078,0.46938775510204084,0.5306122448979591,3.8877551020408165,0.8877551020408163,0.11224489795918367
Glyph v2 50k,50000,2.2257748879492283,topk20_t1.0,val_anchor_6,10,4.005517601966858,0.0,0.5,0.5,4.0,1.0,0.0
Glyph v2 50k,50000,2.2257748879492283,topk20_t1.0,val_anchor_6,25,4.269908752441406,0.0,0.4,0.6,4.2,1.0,0.0
Glyph v2 50k,50000,2.2257748879492283,topk20_t1.0,val_anchor_6,50,3.751745159626007,0.14,0.3,0.7,3.9,1.0,0.0
Glyph v2 50k,50000,2.2257748879492283,topk20_t1.0,val_anchor_6,100,3.662792143672705,0.11,0.3157894736842105,0.6842105263157895,4.2631578947368425,1.0,0.0
Glyph v2 50k,50000,2.2257748879492283,topk20_t1.0,val_anchor_6,250,4.005132571876049,0.064,0.42857142857142855,0.5714285714285714,4.040816326530612,0.8775510204081632,0.12244897959183673
Glyph v2 50k,50000,2.2257748879492283,topk20_t1.0,val_anchor_6,500,4.052159660935402,0.086,0.37755102040816324,0.6224489795918368,3.9693877551020407,0.8469387755102041,0.15306122448979592
Glyph v2 50k,50000,2.2257748879492283,topk20_t1.0,val_anchor_7,10,4.248026224970817,0.1,0.0,1.0,3.5,1.0,0.0
Glyph v2 50k,50000,2.2257748879492283,topk20_t1.0,val_anchor_7,25,4.623757284879685,0.12,0.25,0.75,4.5,1.0,0.0
Glyph v2 50k,50000,2.2257748879492283,topk20_t1.0,val_anchor_7,50,4.408244423270226,0.12,0.25,0.75,4.625,1.0,0.0
Glyph v2 50k,50000,2.2257748879492283,topk20_t1.0,val_anchor_7,100,4.3850419840216635,0.08,0.23529411764705882,0.7647058823529411,4.470588235294118,1.0,0.0
Glyph v2 50k,50000,2.2257748879492283,topk20_t1.0,val_anchor_7,250,4.332422550618649,0.096,0.42857142857142855,0.5714285714285714,3.816326530612245,0.8979591836734694,0.10204081632653061
Glyph v2 50k,50000,2.2257748879492283,topk20_t1.0,val_anchor_7,500,4.2599983698278665,0.094,0.4583333333333333,0.5416666666666667,4.0,0.8645833333333334,0.13541666666666666
Glyph v2 100k,99000,1.9099718127399683,greedy,val_anchor_1,10,7.06515486240387,0.0,0.6666666666666666,0.33333333333333337,2.6666666666666665,1.0,0.0
Glyph v2 100k,99000,1.9099718127399683,greedy,val_anchor_1,25,6.469929683208465,0.08,1.0,0.0,2.7142857142857144,0.7142857142857143,0.2857142857142857
Glyph v2 100k,99000,1.9099718127399683,greedy,val_anchor_1,50,6.242721141427755,0.12,1.0,0.0,3.6363636363636362,0.5454545454545454,0.45454545454545453
Glyph v2 100k,99000,1.9099718127399683,greedy,val_anchor_1,100,5.868809192106128,0.08,0.9545454545454546,0.045454545454545414,3.590909090909091,0.36363636363636365,0.6363636363636364
Glyph v2 100k,99000,1.9099718127399683,greedy,val_anchor_1,250,5.343878357648849,0.076,0.9622641509433962,0.037735849056603765,3.7358490566037736,0.18867924528301888,0.8113207547169812
Glyph v2 100k,99000,1.9099718127399683,greedy,val_anchor_1,500,5.151714547544718,0.076,0.9711538461538461,0.028846153846153855,3.8173076923076925,0.09615384615384616,0.9038461538461539
Glyph v2 100k,99000,1.9099718127399683,greedy,val_anchor_2,10,3.518485648930073,0.2,0.6666666666666666,0.33333333333333337,2.6666666666666665,1.0,0.0
Glyph v2 100k,99000,1.9099718127399683,greedy,val_anchor_2,25,3.7235077410936355,0.2,0.6666666666666666,0.33333333333333337,3.3333333333333335,0.8333333333333334,0.16666666666666666
Glyph v2 100k,99000,1.9099718127399683,greedy,val_anchor_2,50,4.18410560131073,0.14,0.7272727272727273,0.2727272727272727,3.5454545454545454,0.5454545454545454,0.45454545454545453
Glyph v2 100k,99000,1.9099718127399683,greedy,val_anchor_2,100,4.758547933101654,0.09,0.7727272727272727,0.2272727272727273,3.590909090909091,0.45454545454545453,0.5454545454545454
Glyph v2 100k,99000,1.9099718127399683,greedy,val_anchor_2,250,4.8909490520656105,0.076,0.9056603773584906,0.09433962264150941,3.7358490566037736,0.20754716981132076,0.7924528301886793
Glyph v2 100k,99000,1.9099718127399683,greedy,val_anchor_2,500,5.0650060470551255,0.084,0.9423076923076923,0.05769230769230771,3.8173076923076925,0.10576923076923077,0.8942307692307693
Glyph v2 100k,99000,1.9099718127399683,greedy,val_anchor_3,10,3.2149035058915616,0.3,0.6666666666666666,0.33333333333333337,2.6666666666666665,1.0,0.0
Glyph v2 100k,99000,1.9099718127399683,greedy,val_anchor_3,25,3.6864057490229607,0.24,1.0,0.0,3.3333333333333335,0.8333333333333334,0.16666666666666666
Glyph v2 100k,99000,1.9099718127399683,greedy,val_anchor_3,50,4.4332519145309925,0.14,0.9,0.09999999999999998,4.1,0.6,0.4
Glyph v2 100k,99000,1.9099718127399683,greedy,val_anchor_3,100,4.430562360100448,0.15,0.9047619047619048,0.09523809523809523,3.8095238095238093,0.38095238095238093,0.6190476190476191
Glyph v2 100k,99000,1.9099718127399683,greedy,val_anchor_3,250,4.759832868680358,0.112,0.9038461538461539,0.09615384615384615,3.826923076923077,0.17307692307692307,0.8269230769230769
Glyph v2 100k,99000,1.9099718127399683,greedy,val_anchor_3,500,4.794312924660742,0.096,0.9611650485436893,0.03883495145631066,3.8640776699029127,0.07766990291262135,0.9223300970873787
Glyph v2 100k,99000,1.9099718127399683,greedy,val_anchor_4,10,4.623508787155151,0.0,1.0,0.0,4.5,1.0,0.0
Glyph v2 100k,99000,1.9099718127399683,greedy,val_anchor_4,25,5.256996908187866,0.0,1.0,0.0,4.2,0.8,0.2
Glyph v2 100k,99000,1.9099718127399683,greedy,val_anchor_4,50,5.067832542657852,0.06,0.9,0.09999999999999998,4.1,0.5,0.5
Glyph v2 100k,99000,1.9099718127399683,greedy,val_anchor_4,100,5.171990593448282,0.04,0.9047619047619048,0.09523809523809523,3.8095238095238093,0.2857142857142857,0.7142857142857143
Glyph v2 100k,99000,1.9099718127399683,greedy,val_anchor_4,250,4.791473683446646,0.064,0.9423076923076923,0.05769230769230771,3.826923076923077,0.1346153846153846,0.8653846153846154
Glyph v2 100k,99000,1.9099718127399683,greedy,val_anchor_4,500,4.900497691661119,0.068,0.9611650485436893,0.03883495145631066,3.8640776699029127,0.06796116504854369,0.9320388349514563
Glyph v2 100k,99000,1.9099718127399683,greedy,val_anchor_5,10,4.156659452617168,0.2,0.6666666666666666,0.33333333333333337,2.6666666666666665,1.0,0.0
Glyph v2 100k,99000,1.9099718127399683,greedy,val_anchor_5,25,4.980386874079704,0.12,0.6666666666666666,0.33333333333333337,3.3333333333333335,0.6666666666666666,0.3333333333333333
Glyph v2 100k,99000,1.9099718127399683,greedy,val_anchor_5,50,5.314651992619037,0.08,0.8181818181818182,0.18181818181818177,3.5454545454545454,0.6363636363636364,0.36363636363636365
Glyph v2 100k,99000,1.9099718127399683,greedy,val_anchor_5,100,5.035925822407007,0.09,0.8095238095238095,0.19047619047619047,3.8095238095238093,0.38095238095238093,0.6190476190476191
Glyph v2 100k,99000,1.9099718127399683,greedy,val_anchor_5,250,5.054363231927156,0.076,0.9230769230769231,0.07692307692307687,3.826923076923077,0.17307692307692307,0.8269230769230769
Glyph v2 100k,99000,1.9099718127399683,greedy,val_anchor_5,500,4.901863116890192,0.082,0.9615384615384616,0.038461538461538436,3.8173076923076925,0.09615384615384616,0.9038461538461539
Glyph v2 100k,99000,1.9099718127399683,greedy,val_anchor_6,10,5.169401741027832,0.0,0.6666666666666666,0.33333333333333337,2.6666666666666665,1.0,0.0
Glyph v2 100k,99000,1.9099718127399683,greedy,val_anchor_6,25,5.16587509393692,0.08,1.0,0.0,2.7142857142857144,0.7142857142857143,0.2857142857142857
Glyph v2 100k,99000,1.9099718127399683,greedy,val_anchor_6,50,5.128398110568523,0.06,1.0,0.0,3.25,0.5,0.5
Glyph v2 100k,99000,1.9099718127399683,greedy,val_anchor_6,100,4.974166545271873,0.05,0.9090909090909091,0.09090909090909094,3.590909090909091,0.36363636363636365,0.6363636363636364
Glyph v2 100k,99000,1.9099718127399683,greedy,val_anchor_6,250,5.096414685100317,0.048,0.9629629629629629,0.03703703703703709,3.6481481481481484,0.16666666666666666,0.8333333333333334
Glyph v2 100k,99000,1.9099718127399683,greedy,val_anchor_6,500,5.016034240648151,0.056,0.9809523809523809,0.01904761904761909,3.7714285714285714,0.0761904761904762,0.9238095238095239
Glyph v2 100k,99000,1.9099718127399683,greedy,val_anchor_7,10,5.806584405899048,0.0,1.0,0.0,3.5,1.0,0.0
Glyph v2 100k,99000,1.9099718127399683,greedy,val_anchor_7,25,5.316315562725067,0.04,1.0,0.0,3.8,0.8,0.2
Glyph v2 100k,99000,1.9099718127399683,greedy,val_anchor_7,50,4.882514094412326,0.1,0.9090909090909091,0.09090909090909094,3.5454545454545454,0.5454545454545454,0.45454545454545453
Glyph v2 100k,99000,1.9099718127399683,greedy,val_anchor_7,100,5.048107223473489,0.07,0.9523809523809523,0.04761904761904767,3.761904761904762,0.3333333333333333,0.6666666666666666
Glyph v2 100k,99000,1.9099718127399683,greedy,val_anchor_7,250,4.960566380828619,0.064,0.9615384615384616,0.038461538461538436,3.8076923076923075,0.1346153846153846,0.8653846153846154
Glyph v2 100k,99000,1.9099718127399683,greedy,val_anchor_7,500,5.009222735479474,0.066,0.9805825242718447,0.01941747572815533,3.8446601941747574,0.06796116504854369,0.9320388349514563
Glyph v2 100k,99000,1.9099718127399683,topk20_t0.7,val_anchor_1,10,6.903734946250916,0.0,1.0,0.0,4.5,1.0,0.0
Glyph v2 100k,99000,1.9099718127399683,topk20_t0.7,val_anchor_1,25,6.26697995647788,0.12,0.8,0.19999999999999996,4.2,1.0,0.0
Glyph v2 100k,99000,1.9099718127399683,topk20_t0.7,val_anchor_1,50,5.718288611993193,0.16,0.8,0.19999999999999996,4.1,0.9,0.1
Glyph v2 100k,99000,1.9099718127399683,topk20_t0.7,val_anchor_1,100,5.531332752518356,0.08,0.75,0.25,4.05,0.8,0.2
Glyph v2 100k,99000,1.9099718127399683,topk20_t0.7,val_anchor_1,250,5.102018851831556,0.076,0.7735849056603774,0.2264150943396226,3.69811320754717,0.7169811320754716,0.2830188679245283
Glyph v2 100k,99000,1.9099718127399683,topk20_t0.7,val_anchor_1,500,4.9860150031410155,0.078,0.7830188679245284,0.21698113207547165,3.6792452830188678,0.6132075471698113,0.3867924528301887
Glyph v2 100k,99000,1.9099718127399683,topk20_t0.7,val_anchor_2,10,4.089679086208344,0.1,0.6666666666666666,0.33333333333333337,2.6666666666666665,1.0,0.0
Glyph v2 100k,99000,1.9099718127399683,topk20_t0.7,val_anchor_2,25,3.3312923312187195,0.24,0.8333333333333334,0.16666666666666663,3.3333333333333335,1.0,0.0
Glyph v2 100k,99000,1.9099718127399683,topk20_t0.7,val_anchor_2,50,3.9199512541294097,0.16,0.7272727272727273,0.2727272727272727,3.6363636363636362,1.0,0.0
Glyph v2 100k,99000,1.9099718127399683,topk20_t0.7,val_anchor_2,100,4.543180246949196,0.09,0.631578947368421,0.368421052631579,4.2631578947368425,0.8421052631578947,0.15789473684210525
Glyph v2 100k,99000,1.9099718127399683,topk20_t0.7,val_anchor_2,250,4.8043690069913865,0.096,0.7358490566037735,0.26415094339622647,3.69811320754717,0.6226415094339622,0.37735849056603776
Glyph v2 100k,99000,1.9099718127399683,topk20_t0.7,val_anchor_2,500,4.744042404361069,0.124,0.8108108108108109,0.18918918918918914,3.4954954954954953,0.5855855855855856,0.4144144144144144
Glyph v2 100k,99000,1.9099718127399683,topk20_t0.7,val_anchor_3,10,3.0414838626980782,0.3,0.5,0.5,4.0,1.0,0.0
Glyph v2 100k,99000,1.9099718127399683,topk20_t0.7,val_anchor_3,25,4.028318041563034,0.16,0.6666666666666666,0.33333333333333337,3.0,1.0,0.0
Glyph v2 100k,99000,1.9099718127399683,topk20_t0.7,val_anchor_3,50,4.452666612863541,0.14,0.6363636363636364,0.36363636363636365,3.5454545454545454,1.0,0.0
Glyph v2 100k,99000,1.9099718127399683,topk20_t0.7,val_anchor_3,100,4.3777119743824,0.11,0.7142857142857143,0.2857142857142857,3.761904761904762,1.0,0.0
Glyph v2 100k,99000,1.9099718127399683,topk20_t0.7,val_anchor_3,250,4.564668979883194,0.096,0.7058823529411765,0.2941176470588235,3.8627450980392157,0.7450980392156863,0.2549019607843137
Glyph v2 100k,99000,1.9099718127399683,topk20_t0.7,val_anchor_3,500,4.678399734437465,0.092,0.7924528301886793,0.2075471698113207,3.669811320754717,0.6320754716981132,0.36792452830188677
Glyph v2 100k,99000,1.9099718127399683,topk20_t0.7,val_anchor_4,10,4.935888695716858,0.0,1.0,0.0,2.3333333333333335,1.0,0.0
Glyph v2 100k,99000,1.9099718127399683,topk20_t0.7,val_anchor_4,25,5.318249912261963,0.0,0.8571428571428571,0.1428571428571429,2.7142857142857144,1.0,0.0
Glyph v2 100k,99000,1.9099718127399683,topk20_t0.7,val_anchor_4,50,4.930204008817673,0.04,1.0,0.0,2.8461538461538463,0.9230769230769231,0.07692307692307693
Glyph v2 100k,99000,1.9099718127399683,topk20_t0.7,val_anchor_4,100,4.985771824121475,0.07,0.9565217391304348,0.04347826086956519,3.347826086956522,0.8260869565217391,0.17391304347826086
Glyph v2 100k,99000,1.9099718127399683,topk20_t0.7,val_anchor_4,250,4.877601138472557,0.072,0.9122807017543859,0.08771929824561409,3.4035087719298245,0.7192982456140351,0.2807017543859649
Glyph v2 100k,99000,1.9099718127399683,topk20_t0.7,val_anchor_4,500,4.871906478397548,0.08,0.8508771929824561,0.14912280701754388,3.3771929824561404,0.5964912280701754,0.40350877192982454
Glyph v2 100k,99000,1.9099718127399683,topk20_t0.7,val_anchor_5,10,5.142851126194,0.1,0.5,0.5,4.5,1.0,0.0
Glyph v2 100k,99000,1.9099718127399683,topk20_t0.7,val_anchor_5,25,5.129925088882446,0.04,0.4,0.6,4.2,1.0,0.0
Glyph v2 100k,99000,1.9099718127399683,topk20_t0.7,val_anchor_5,50,5.112734428346157,0.08,0.6363636363636364,0.36363636363636365,3.6363636363636362,1.0,0.0
Glyph v2 100k,99000,1.9099718127399683,topk20_t0.7,val_anchor_5,100,5.102341873440891,0.07,0.6818181818181818,0.31818181818181823,3.5454545454545454,0.8181818181818182,0.18181818181818182
Glyph v2 100k,99000,1.9099718127399683,topk20_t0.7,val_anchor_5,250,5.273743281148374,0.064,0.6851851851851852,0.31481481481481477,3.5925925925925926,0.7407407407407407,0.25925925925925924
Glyph v2 100k,99000,1.9099718127399683,topk20_t0.7,val_anchor_5,500,5.070146295081824,0.064,0.7169811320754716,0.28301886792452835,3.650943396226415,0.6415094339622641,0.3584905660377358
Glyph v2 100k,99000,1.9099718127399683,topk20_t0.7,val_anchor_6,10,4.328855478763581,0.0,0.6666666666666666,0.33333333333333337,2.6666666666666665,1.0,0.0
Glyph v2 100k,99000,1.9099718127399683,topk20_t0.7,val_anchor_6,25,4.583596210479737,0.04,0.8,0.19999999999999996,4.0,1.0,0.0
Glyph v2 100k,99000,1.9099718127399683,topk20_t0.7,val_anchor_6,50,4.775477850437165,0.04,0.7777777777777778,0.2222222222222222,4.555555555555555,0.8888888888888888,0.1111111111111111
Glyph v2 100k,99000,1.9099718127399683,topk20_t0.7,val_anchor_6,100,4.98035549968481,0.04,0.8,0.19999999999999996,3.95,0.9,0.1
Glyph v2 100k,99000,1.9099718127399683,topk20_t0.7,val_anchor_6,250,4.565128567278385,0.1,0.8148148148148148,0.18518518518518523,3.611111111111111,0.7592592592592593,0.24074074074074073
Glyph v2 100k,99000,1.9099718127399683,topk20_t0.7,val_anchor_6,500,4.668662402808666,0.098,0.7909090909090909,0.2090909090909091,3.5090909090909093,0.6181818181818182,0.38181818181818183
Glyph v2 100k,99000,1.9099718127399683,topk20_t0.7,val_anchor_7,10,4.725059056282044,0.1,0.0,1.0,5.0,1.0,0.0
Glyph v2 100k,99000,1.9099718127399683,topk20_t0.7,val_anchor_7,25,4.526458007097244,0.16,0.75,0.25,3.75,1.0,0.0
Glyph v2 100k,99000,1.9099718127399683,topk20_t0.7,val_anchor_7,50,4.693676915764809,0.14,0.6666666666666666,0.33333333333333337,3.888888888888889,0.7777777777777778,0.2222222222222222
Glyph v2 100k,99000,1.9099718127399683,topk20_t0.7,val_anchor_7,100,4.932907522469759,0.08,0.7619047619047619,0.23809523809523814,3.4761904761904763,0.7619047619047619,0.23809523809523808
Glyph v2 100k,99000,1.9099718127399683,topk20_t0.7,val_anchor_7,250,4.979204751014709,0.072,0.7142857142857143,0.2857142857142857,3.938775510204082,0.7142857142857143,0.2857142857142857
Glyph v2 100k,99000,1.9099718127399683,topk20_t0.7,val_anchor_7,500,5.051510835461318,0.072,0.7475728155339806,0.2524271844660194,3.737864077669903,0.6116504854368932,0.3883495145631068
Glyph v2 100k,99000,1.9099718127399683,topk20_t0.9,val_anchor_1,10,5.9941956110298635,0.1,0.6666666666666666,0.33333333333333337,2.3333333333333335,1.0,0.0
Glyph v2 100k,99000,1.9099718127399683,topk20_t0.9,val_anchor_1,25,5.776177540421486,0.2,0.5714285714285714,0.4285714285714286,2.5714285714285716,1.0,0.0
Glyph v2 100k,99000,1.9099718127399683,topk20_t0.9,val_anchor_1,50,5.511268058121204,0.14,0.5454545454545454,0.4545454545454546,3.5454545454545454,1.0,0.0
Glyph v2 100k,99000,1.9099718127399683,topk20_t0.9,val_anchor_1,100,5.298298237472773,0.1,0.6190476190476191,0.38095238095238093,3.619047619047619,0.9523809523809523,0.047619047619047616
Glyph v2 100k,99000,1.9099718127399683,topk20_t0.9,val_anchor_1,250,4.819391548454761,0.084,0.5714285714285714,0.4285714285714286,4.020408163265306,0.9183673469387755,0.08163265306122448
Glyph v2 100k,99000,1.9099718127399683,topk20_t0.9,val_anchor_1,500,4.648797207593918,0.084,0.5208333333333334,0.47916666666666663,4.083333333333333,0.8125,0.1875
Glyph v2 100k,99000,1.9099718127399683,topk20_t0.9,val_anchor_2,10,4.895154744386673,0.1,1.0,0.0,2.6666666666666665,1.0,0.0
Glyph v2 100k,99000,1.9099718127399683,topk20_t0.9,val_anchor_2,25,4.763643858432769,0.08,0.8333333333333334,0.16666666666666663,3.3333333333333335,0.8333333333333334,0.16666666666666666
Glyph v2 100k,99000,1.9099718127399683,topk20_t0.9,val_anchor_2,50,4.400979644954204,0.14,0.7,0.30000000000000004,4.0,0.9,0.1
Glyph v2 100k,99000,1.9099718127399683,topk20_t0.9,val_anchor_2,100,4.450741552859545,0.1,0.6666666666666666,0.33333333333333337,4.555555555555555,0.9444444444444444,0.05555555555555555
Glyph v2 100k,99000,1.9099718127399683,topk20_t0.9,val_anchor_2,250,4.432686084926129,0.136,0.6938775510204082,0.30612244897959184,4.040816326530612,0.8163265306122449,0.1836734693877551
Glyph v2 100k,99000,1.9099718127399683,topk20_t0.9,val_anchor_2,500,4.7380959138348695,0.116,0.693069306930693,0.306930693069307,3.871287128712871,0.7425742574257426,0.25742574257425743
Glyph v2 100k,99000,1.9099718127399683,topk20_t0.9,val_anchor_3,10,4.490082189440727,0.2,1.0,0.0,1.75,1.0,0.0
Glyph v2 100k,99000,1.9099718127399683,topk20_t0.9,val_anchor_3,25,4.904573342204094,0.16,0.8571428571428571,0.1428571428571429,2.7142857142857144,1.0,0.0
Glyph v2 100k,99000,1.9099718127399683,topk20_t0.9,val_anchor_3,50,4.590846093595028,0.18,0.75,0.25,3.25,1.0,0.0
Glyph v2 100k,99000,1.9099718127399683,topk20_t0.9,val_anchor_3,100,4.607900777310133,0.14,0.6818181818181818,0.31818181818181823,3.4545454545454546,1.0,0.0
Glyph v2 100k,99000,1.9099718127399683,topk20_t0.9,val_anchor_3,250,4.907936720475554,0.1,0.6274509803921569,0.37254901960784315,3.803921568627451,0.8235294117647058,0.17647058823529413
Glyph v2 100k,99000,1.9099718127399683,topk20_t0.9,val_anchor_3,500,4.872635446749627,0.088,0.6470588235294118,0.3529411764705882,3.8529411764705883,0.7058823529411765,0.29411764705882354
Glyph v2 100k,99000,1.9099718127399683,topk20_t0.9,val_anchor_4,10,5.0921533584594725,0.0,1.0,0.0,2.6666666666666665,1.0,0.0
Glyph v2 100k,99000,1.9099718127399683,topk20_t0.9,val_anchor_4,25,4.382451715469361,0.12,0.8333333333333334,0.16666666666666663,3.3333333333333335,1.0,0.0
Glyph v2 100k,99000,1.9099718127399683,topk20_t0.9,val_anchor_4,50,4.429552663564682,0.18,0.8181818181818182,0.18181818181818177,3.4545454545454546,0.9090909090909091,0.09090909090909091
Glyph v2 100k,99000,1.9099718127399683,topk20_t0.9,val_anchor_4,100,4.5435311813652515,0.15,0.9047619047619048,0.09523809523809523,3.619047619047619,0.9523809523809523,0.047619047619047616
Glyph v2 100k,99000,1.9099718127399683,topk20_t0.9,val_anchor_4,250,4.78024458168447,0.1,0.7843137254901961,0.21568627450980393,3.6862745098039214,0.7647058823529411,0.23529411764705882
Glyph v2 100k,99000,1.9099718127399683,topk20_t0.9,val_anchor_4,500,4.872904407538473,0.084,0.6868686868686869,0.31313131313131315,3.8585858585858586,0.696969696969697,0.30303030303030304
Glyph v2 100k,99000,1.9099718127399683,topk20_t0.9,val_anchor_5,10,4.800154547393322,0.2,1.0,0.0,2.6666666666666665,1.0,0.0
Glyph v2 100k,99000,1.9099718127399683,topk20_t0.9,val_anchor_5,25,4.976760246157646,0.12,0.7142857142857143,0.2857142857142857,2.5714285714285716,1.0,0.0
Glyph v2 100k,99000,1.9099718127399683,topk20_t0.9,val_anchor_5,50,5.214793303906918,0.08,0.8333333333333334,0.16666666666666663,3.0,1.0,0.0
Glyph v2 100k,99000,1.9099718127399683,topk20_t0.9,val_anchor_5,100,4.7208923472836615,0.11,0.6818181818181818,0.31818181818181823,3.409090909090909,0.8181818181818182,0.18181818181818182
Glyph v2 100k,99000,1.9099718127399683,topk20_t0.9,val_anchor_5,250,4.988151310756803,0.076,0.6530612244897959,0.34693877551020413,3.9183673469387754,0.8163265306122449,0.1836734693877551
Glyph v2 100k,99000,1.9099718127399683,topk20_t0.9,val_anchor_5,500,4.943674901537597,0.072,0.68,0.31999999999999995,3.88,0.74,0.26
Glyph v2 100k,99000,1.9099718127399683,topk20_t0.9,val_anchor_6,10,5.54767746925354,0.0,1.0,0.0,2.6666666666666665,1.0,0.0
Glyph v2 100k,99000,1.9099718127399683,topk20_t0.9,val_anchor_6,25,5.301313228607178,0.04,0.7142857142857143,0.2857142857142857,2.7142857142857144,1.0,0.0
Glyph v2 100k,99000,1.9099718127399683,topk20_t0.9,val_anchor_6,50,4.8170918041467665,0.1,0.7272727272727273,0.2727272727272727,3.5454545454545454,1.0,0.0
Glyph v2 100k,99000,1.9099718127399683,topk20_t0.9,val_anchor_6,100,4.742272287011146,0.08,0.6363636363636364,0.36363636363636365,3.590909090909091,0.8636363636363636,0.13636363636363635
Glyph v2 100k,99000,1.9099718127399683,topk20_t0.9,val_anchor_6,250,4.929908790588379,0.064,0.6666666666666666,0.33333333333333337,3.5925925925925926,0.7592592592592593,0.24074074074074073
Glyph v2 100k,99000,1.9099718127399683,topk20_t0.9,val_anchor_6,500,4.749858513906598,0.072,0.7047619047619048,0.2952380952380952,3.676190476190476,0.7142857142857143,0.2857142857142857
Glyph v2 100k,99000,1.9099718127399683,topk20_t0.9,val_anchor_7,10,5.086262311041355,0.2,0.5,0.5,3.5,1.0,0.0
Glyph v2 100k,99000,1.9099718127399683,topk20_t0.9,val_anchor_7,25,5.133094945549965,0.08,0.6,0.4,3.6,1.0,0.0
Glyph v2 100k,99000,1.9099718127399683,topk20_t0.9,val_anchor_7,50,4.887242201864719,0.1,0.6,0.4,3.9,1.0,0.0
Glyph v2 100k,99000,1.9099718127399683,topk20_t0.9,val_anchor_7,100,4.90806011646986,0.08,0.65,0.35,3.9,0.9,0.1
Glyph v2 100k,99000,1.9099718127399683,topk20_t0.9,val_anchor_7,250,4.756438486367464,0.08,0.6470588235294118,0.3529411764705882,3.784313725490196,0.7843137254901961,0.21568627450980393
Glyph v2 100k,99000,1.9099718127399683,topk20_t0.9,val_anchor_7,500,4.840865113168955,0.07,0.6767676767676768,0.3232323232323232,3.909090909090909,0.7373737373737373,0.26262626262626265
Glyph v2 100k,99000,1.9099718127399683,topk20_t1.0,val_anchor_1,10,5.98210654258728,0.0,0.5,0.5,4.5,1.0,0.0
Glyph v2 100k,99000,1.9099718127399683,topk20_t1.0,val_anchor_1,25,5.673656662404537,0.2,0.4,0.6,4.2,1.0,0.0
Glyph v2 100k,99000,1.9099718127399683,topk20_t1.0,val_anchor_1,50,5.028323566950857,0.2,0.4444444444444444,0.5555555555555556,4.555555555555555,1.0,0.0
Glyph v2 100k,99000,1.9099718127399683,topk20_t1.0,val_anchor_1,100,4.974130058903247,0.12,0.47368421052631576,0.5263157894736843,4.157894736842105,0.8947368421052632,0.10526315789473684
Glyph v2 100k,99000,1.9099718127399683,topk20_t1.0,val_anchor_1,250,4.990673760153353,0.076,0.62,0.38,3.84,0.86,0.14
Glyph v2 100k,99000,1.9099718127399683,topk20_t1.0,val_anchor_1,500,4.858339997995645,0.082,0.6464646464646465,0.3535353535353535,3.888888888888889,0.8282828282828283,0.1717171717171717
Glyph v2 100k,99000,1.9099718127399683,topk20_t1.0,val_anchor_2,10,3.98696163892746,0.1,0.5,0.5,4.5,1.0,0.0
Glyph v2 100k,99000,1.9099718127399683,topk20_t1.0,val_anchor_2,25,4.652005362510681,0.04,0.5,0.5,3.3333333333333335,1.0,0.0
Glyph v2 100k,99000,1.9099718127399683,topk20_t1.0,val_anchor_2,50,4.4538090658187866,0.06,0.5,0.5,4.0,0.9,0.1
Glyph v2 100k,99000,1.9099718127399683,topk20_t1.0,val_anchor_2,100,4.598172777593136,0.07,0.6666666666666666,0.33333333333333337,3.761904761904762,0.9047619047619048,0.09523809523809523
Glyph v2 100k,99000,1.9099718127399683,topk20_t1.0,val_anchor_2,250,4.832911845326423,0.08,0.7169811320754716,0.28301886792452835,3.641509433962264,0.8490566037735849,0.1509433962264151
Glyph v2 100k,99000,1.9099718127399683,topk20_t1.0,val_anchor_2,500,4.855524152383208,0.108,0.6565656565656566,0.3434343434343434,3.95959595959596,0.7272727272727273,0.2727272727272727
Glyph v2 100k,99000,1.9099718127399683,topk20_t1.0,val_anchor_3,10,3.684881243109703,0.2,0.5,0.5,4.5,1.0,0.0
Glyph v2 100k,99000,1.9099718127399683,topk20_t1.0,val_anchor_3,25,4.244580005407333,0.12,0.0,1.0,7.666666666666667,1.0,0.0
Glyph v2 100k,99000,1.9099718127399683,topk20_t1.0,val_anchor_3,50,4.357586601376534,0.1,0.42857142857142855,0.5714285714285714,5.857142857142857,1.0,0.0
Glyph v2 100k,99000,1.9099718127399683,topk20_t1.0,val_anchor_3,100,4.487612420022487,0.11,0.5882352941176471,0.4117647058823529,4.823529411764706,1.0,0.0
Glyph v2 100k,99000,1.9099718127399683,topk20_t1.0,val_anchor_3,250,4.801036789476871,0.072,0.5333333333333333,0.4666666666666667,4.444444444444445,0.9333333333333333,0.06666666666666667
Glyph v2 100k,99000,1.9099718127399683,topk20_t1.0,val_anchor_3,500,4.830679217152298,0.068,0.5638297872340425,0.43617021276595747,4.202127659574468,0.851063829787234,0.14893617021276595
Glyph v2 100k,99000,1.9099718127399683,topk20_t1.0,val_anchor_4,10,4.854375696182251,0.0,1.0,0.0,2.3333333333333335,1.0,0.0
Glyph v2 100k,99000,1.9099718127399683,topk20_t1.0,val_anchor_4,25,5.489714941829443,0.04,0.8333333333333334,0.16666666666666663,2.8333333333333335,0.8333333333333334,0.16666666666666666
Glyph v2 100k,99000,1.9099718127399683,topk20_t1.0,val_anchor_4,50,4.9557148444652555,0.1,0.8333333333333334,0.16666666666666663,2.9166666666666665,0.75,0.25
Glyph v2 100k,99000,1.9099718127399683,topk20_t1.0,val_anchor_4,100,4.917782934308052,0.09,0.631578947368421,0.368421052631579,4.0,0.8421052631578947,0.15789473684210525
Glyph v2 100k,99000,1.9099718127399683,topk20_t1.0,val_anchor_4,250,4.86868077018857,0.072,0.7083333333333334,0.29166666666666663,3.8333333333333335,0.8333333333333334,0.16666666666666666
Glyph v2 100k,99000,1.9099718127399683,topk20_t1.0,val_anchor_4,500,4.895697855815292,0.092,0.7254901960784313,0.27450980392156865,3.627450980392157,0.7352941176470589,0.2647058823529412
Glyph v2 100k,99000,1.9099718127399683,topk20_t1.0,val_anchor_5,10,5.613710337877274,0.1,0.5,0.5,4.5,1.0,0.0
Glyph v2 100k,99000,1.9099718127399683,topk20_t1.0,val_anchor_5,25,5.063126292228699,0.08,0.25,0.75,5.5,1.0,0.0
Glyph v2 100k,99000,1.9099718127399683,topk20_t1.0,val_anchor_5,50,5.273364088535309,0.04,0.375,0.625,5.125,0.875,0.125
Glyph v2 100k,99000,1.9099718127399683,topk20_t1.0,val_anchor_5,100,4.840945229008794,0.05,0.5789473684210527,0.42105263157894735,4.157894736842105,0.9473684210526315,0.05263157894736842
Glyph v2 100k,99000,1.9099718127399683,topk20_t1.0,val_anchor_5,250,4.982133635893464,0.056,0.6122448979591837,0.3877551020408163,4.040816326530612,0.7755102040816326,0.22448979591836735
Glyph v2 100k,99000,1.9099718127399683,topk20_t1.0,val_anchor_5,500,4.798038866452873,0.082,0.6161616161616161,0.38383838383838387,3.9292929292929295,0.7373737373737373,0.26262626262626265
Glyph v2 100k,99000,1.9099718127399683,topk20_t1.0,val_anchor_6,10,4.836389952898026,0.1,0.5,0.5,4.5,1.0,0.0
Glyph v2 100k,99000,1.9099718127399683,topk20_t1.0,val_anchor_6,25,5.538375413417816,0.08,0.4,0.6,4.2,1.0,0.0
Glyph v2 100k,99000,1.9099718127399683,topk20_t1.0,val_anchor_6,50,5.32358319401741,0.06,0.5454545454545454,0.4545454545454546,3.5454545454545454,0.9090909090909091,0.09090909090909091
Glyph v2 100k,99000,1.9099718127399683,topk20_t1.0,val_anchor_6,100,5.298573622703552,0.07,0.5454545454545454,0.4545454545454546,3.4545454545454546,0.9090909090909091,0.09090909090909091
Glyph v2 100k,99000,1.9099718127399683,topk20_t1.0,val_anchor_6,250,4.7240576307624575,0.116,0.5098039215686274,0.4901960784313726,3.823529411764706,0.8431372549019608,0.1568627450980392
Glyph v2 100k,99000,1.9099718127399683,topk20_t1.0,val_anchor_6,500,4.698811939805746,0.12,0.594059405940594,0.40594059405940597,3.8118811881188117,0.7920792079207921,0.2079207920792079
Glyph v2 100k,99000,1.9099718127399683,topk20_t1.0,val_anchor_7,10,6.019322443008423,0.0,1.0,0.0,2.3333333333333335,1.0,0.0
Glyph v2 100k,99000,1.9099718127399683,topk20_t1.0,val_anchor_7,25,5.14198097705841,0.08,0.8,0.19999999999999996,3.0,1.0,0.0
Glyph v2 100k,99000,1.9099718127399683,topk20_t1.0,val_anchor_7,50,4.922979498505592,0.08,0.7777777777777778,0.2222222222222222,3.7777777777777777,1.0,0.0
Glyph v2 100k,99000,1.9099718127399683,topk20_t1.0,val_anchor_7,100,5.1771361772716045,0.07,0.625,0.375,4.375,1.0,0.0
Glyph v2 100k,99000,1.9099718127399683,topk20_t1.0,val_anchor_7,250,4.972823193922639,0.092,0.6521739130434783,0.34782608695652173,4.065217391304348,0.9130434782608695,0.08695652173913043
Glyph v2 100k,99000,1.9099718127399683,topk20_t1.0,val_anchor_7,500,5.000803785838187,0.074,0.6458333333333334,0.35416666666666663,3.9479166666666665,0.8020833333333334,0.19791666666666666
